Emerson export Engineering,6,Address,38,Maharashtra,Nashik,India,422001,Nashik-Executive,nashik@gmail.com,,,9890306197,1
Basell Polyolefins India Pvt Ltd.,6,Address,38,Maharashtra,Nashik,India,422001,Nashik-Executive,nashik@gmail.com,,,9011038344,1
BILZ,6,Address,38,Maharashtra,Nashik,India,422001,Nashik-Executive,nashik@gmail.com,,,9822055636,1
JMK NDT Services.,6,Address,38,Maharashtra,Nashik,India,422001,Nashik-Executive,nashik@gmail.com,,,9823671288,1
Mega Fine,6,Address,38,Maharashtra,Nashik,India,422001,Nashik-Executive,nashik@gmail.com,,,9970053929,1
Tecnocrats Academy of Automation.,6,Address,38,Maharashtra,Nashik,India,422001,Nashik-Executive,nashik@gmail.com,,,9420904391,1
Beico Industry.,6,Address,38,Maharashtra,Nashik,India,422001,Nashik-Executive,nashik@gmail.com,,,9867552620,1
Eshwari Holidays,6,Address,38,Maharashtra,Nashik,India,422001,Nashik-Executive,nashik@gmail.com,,,9561821439,1
 Alpha Glass Pvt Ltd.,6,Address,38,Maharashtra,Nashik,India,422001,Nashik-Executive,nashik@gmail.com,,,7798889111,1
EP Entremonde Ltd ,6,Address,38,Maharashtra,Nashik,India,422001,Nashik-Executive,nashik@gmail.com,,,9922947704,1
Si Interpack.,6,Address,38,Maharashtra,Nashik,India,422001,Nashik-Executive,nashik@gmail.com,,,9689936141,1
HDFC ERGO.,6,Address,38,Maharashtra,Nashik,India,422001,Nashik-Executive,nashik@gmail.com,,,7798982226,1
Chola Insurance,6,Address,38,Maharashtra,Nashik,India,422001,Nashik-Executive,nashik@gmail.com,,,9527321114,1
Shree Surya Surgi pharma Pvt Ltd,6,Address,38,Maharashtra,Nashik,India,422001,Nashik-Executive,nashik@gmail.com,,,9860042064,1
Shreeson Technology Pvt Ltd.,6,Address,38,Maharashtra,Nashik,India,422001,Nashik-Executive,nashik@gmail.com,,,9881469779,1
Mack Pharmatech.,6,Address,38,Maharashtra,Nashik,India,422001,Nashik-Executive,nashik@gmail.com,,,932585885,1
Holden medical Laboratories India.,6,Address,38,Maharashtra,Nashik,India,422001,Nashik-Executive,nashik@gmail.com,,,9673337139,1
Bumper India Pvt Ltd.,6,Address,38,Maharashtra,Nashik,India,422001,Nashik-Executive,nashik@gmail.com,,,9860346706,1
TDK Electronic,6,Address,38,Maharashtra,Nashik,India,422001,Nashik-Executive,nashik@gmail.com,,,2532205293,1
Electronic Switches India Pvt Ltd.,6,Address,38,Maharashtra,Nashik,India,422001,Nashik-Executive,nashik@gmail.com,,,2536697704,1
Ashoka Buildcon,6,Address,38,Maharashtra,Nashik,India,422001,Nashik-Executive,nashik@gmail.com,,,7720048185,1
HDFC ERGO Nashik.,6,Address,38,Maharashtra,Nashik,India,422001,Nashik-Executive,nashik@gmail.com,,,7798982226,1
Narayani Hospital Nashik.,6,Address,38,Maharashtra,Nashik,India,422001,Nashik-Executive,nashik@gmail.com,,,9822441177,1
Sahyadri Hospital Nashik,6,Address,38,Maharashtra,Nashik,India,422001,Nashik-Executive,nashik@gmail.com,,,8390212994,1
Manavta Cancer centre.,6,Address,38,Maharashtra,Nashik,India,422001,Nashik-Executive,nashik@gmail.com,,,0253 666 1111,1
Nexicon Pharma.,6,Address,38,Maharashtra,Nashik,India,422001,Nashik-Executive,nashik@gmail.com,,, 096575 88300,1
Starlight Lightning,6,Address,38,Maharashtra,Nashik,India,422001,Nashik-Executive,nashik@gmail.com,,,2532354423,1
Anand Powers Limited ,6,Address,38,Maharashtra,Nashik,India,422001,Nashik-Executive,nashik@gmail.com,,,2532202829,1
 Nash Robotics and automation.,6,Address,38,Maharashtra,Nashik,India,422001,Nashik-Executive,nashik@gmail.com,,,9822035365,1
Catapharma Chemicals,6,Address,38,Maharashtra,Nashik,India,422001,Nashik-Executive,nashik@gmail.com,,,9422258944,1
Weldtex Industries.,6,Address,38,Maharashtra,Nashik,India,422001,Nashik-Executive,nashik@gmail.com,,,9881704315,1
V.M Auto Parts Pvt Ltd.,6,Address,38,Maharashtra,Nashik,India,422001,Nashik-Executive,nashik@gmail.com,,,9822227709,1
Empire foods (Ram Bandhu),6,Address,38,Maharashtra,Nashik,India,422001,Nashik-Executive,nashik@gmail.com,,,2532472006,1
Wockhardt Hospita,6,Address,38,Maharashtra,Nashik,India,422001,Nashik-Executive,nashik@gmail.com,,,86699 98260,1
Panchal Engineering ,6,Address,38,Maharashtra,Nashik,India,422001,Nashik-Executive,nashik@gmail.com,,,9850310952,1
Metaforg Eng Pvt Ltd.,6,Address,38,Maharashtra,Nashik,India,422001,Nashik-Executive,nashik@gmail.com,,,2532530505,1
Panchal Eng India Pvt Ltd,6,Address,38,Maharashtra,Nashik,India,422001,Nashik-Executive,nashik@gmail.com,,,9850310952,1
Electro crimp Contact Pvt Ltd.,6,Address,38,Maharashtra,Nashik,India,422001,Nashik-Executive,nashik@gmail.com,,,9422727738,1
Artson Industry (Tata Product).,6,Address,38,Maharashtra,Nashik,India,422001,Nashik-Executive,nashik@gmail.com,,,8177887815,1
Mahindra and Mahindra.,6,Address,38,Maharashtra,Nashik,India,422001,Nashik-Executive,nashik@gmail.com,,,9822201614,1
A.B Mauri.,6,Address,38,Maharashtra,Nashik,India,422001,Nashik-Executive,nashik@gmail.com,,,9822325532,1
National Insurance Company.,6,Address,38,Maharashtra,Nashik,India,422001,Nashik-Executive,nashik@gmail.com,,,9422249312,1
Royal Sundaram insurance. ,6,Address,38,Maharashtra,Nashik,India,422001,Nashik-Executive,nashik@gmail.com,,,9890632531,1
Datar Lab Nashik,6,Address,38,Maharashtra,Nashik,India,422001,Nashik-Executive,nashik@gmail.com,,,2536690804,1
Anand  Power Limited.,6,Address,38,Maharashtra,Nashik,India,422001,Nashik-Executive,nashik@gmail.com,,,2202829,1
Precision forging & Stamping.,6,Address,38,Maharashtra,Nashik,India,422001,Nashik-Executive,nashik@gmail.com,,,2532307081,1
Supreme Equipments,6,Address,38,Maharashtra,Nashik,India,422001,Nashik-Executive,nashik@gmail.com,,,7743866444,1
 Mahindra and Mahindra.,6,Address,38,Maharashtra,Nashik,India,422001,Nashik-Executive,nashik@gmail.com,,,2536608062,1
Anand  Agro .,6,Address,38,Maharashtra,Nashik,India,422001,Nashik-Executive,nashik@gmail.com,,,7774009349,1
HDFC Bank,6,Address,38,Maharashtra,Nashik,India,422001,Nashik-Executive,nashik@gmail.com,,,9372625053,1
Mahindra Finance ,6,Address,38,Maharashtra,Nashik,India,422001,Nashik-Executive,nashik@gmail.com,,,9881096379,1
Datar cancer Genetics,6,Address,38,Maharashtra,Nashik,India,422001,Nashik-Executive,nashik@gmail.com,,,02536604828 / 9767894089,1
Technoforce,6,Address,38,Maharashtra,Nashik,India,422001,Nashik-Executive,nashik@gmail.com,,,9371537538 / 2382451,1
Girikhand Holidays.,6,Address,38,Maharashtra,Nashik,India,422001,Nashik-Executive,nashik@gmail.com,,,9422252538,1
Chocolate Holidays ,6,Address,38,Maharashtra,Nashik,India,422001,Nashik-Executive,nashik@gmail.com,,,9822873336,1
Eshwari Holidays.,6,Address,38,Maharashtra,Nashik,India,422001,Nashik-Executive,nashik@gmail.com,,,9860721439,1
ESDS Software.,6,Address,38,Maharashtra,Nashik,India,422001,Nashik-Executive,nashik@gmail.com,,,9325557429,1
Zeith Metaplast.,6,Address,38,Maharashtra,Nashik,India,422001,Nashik-Executive,nashik@gmail.com,,,9823900537,1
ALF Engineering Pvt Ltd.,6,Address,38,Maharashtra,Nashik,India,422001,Nashik-Executive,nashik@gmail.com,,,9325094211,1
legrand,6,Address,38,Maharashtra,Nashik,India,422001,Nashik-Executive,nashik@gmail.com,,,9325141173,1
Indian Oil Corporation Limited,6,Address,38,Maharashtra,Nashik,India,422001,Nashik-Executive,nashik@gmail.com,,,9920565601,1
Empire foods and spices Ltd. (Ram Bandhu),6,Address,38,Maharashtra,Nashik,India,422001,Nashik-Executive,nashik@gmail.com,,,2532472006,1
Anand Agro Group.,6,Address,38,Maharashtra,Nashik,India,422001,Nashik-Executive,nashik@gmail.com,,,7774009349,1
Tulip Holidays,6,Address,38,Maharashtra,Nashik,India,422001,Nashik-Executive,nashik@gmail.com,,,9423968868,1
Sakal Newspaper,6,Address,38,Maharashtra,Nashik,India,422001,Nashik-Executive,nashik@gmail.com,,,9922920348,1
Sipre Engineering,6,Address,38,Maharashtra,Nashik,India,422001,Nashik-Executive,nashik@gmail.com,,,6610699,1
Ganson Limited,6,Address,38,Maharashtra,Nashik,India,422001,Nashik-Executive,nashik@gmail.com,,,2532383352,1
CEAT,6,Address,38,Maharashtra,Nashik,India,422001,Nashik-Executive,nashik@gmail.com,,,2536625717,1
Sambe Nashik.,6,Address,38,Maharashtra,Nashik,India,422001,Nashik-Executive,nashik@gmail.com,,,2532387741,1
Sercon Nashik.,6,Address,38,Maharashtra,Nashik,India,422001,Nashik-Executive,nashik@gmail.com,,,9850077618,1
CG powers,6,Address,38,Maharashtra,Nashik,India,422001,Nashik-Executive,nashik@gmail.com,,,2532301112,1
Beico ,6,Address,38,Maharashtra,Nashik,India,422001,Nashik-Executive,nashik@gmail.com,,,9867552620,1
Zeith Metaplast,6,Address,38,Maharashtra,Nashik,India,422001,Nashik-Executive,nashik@gmail.com,,,9823900537,1
Aptech Nashik ,6,Address,38,Maharashtra,Nashik,India,422001,Nashik-Executive,nashik@gmail.com,,,9425013729,1
 Kirloskar,6,Address,38,Maharashtra,Nashik,India,422001,Nashik-Executive,nashik@gmail.com,,,9689017779,1
Sahyadri Hospital,6,Address,38,Maharashtra,Nashik,India,422001,Nashik-Executive,nashik@gmail.com,,,8390212994,1
WNS,6,Address,38,Maharashtra,Nashik,India,422001,Nashik-Executive,nashik@gmail.com,,,9921391338,1
Sambe Nashik.,6,Address,38,Maharashtra,Nashik,India,422001,Nashik-Executive,nashik@gmail.com,,,2532387741,1
ICICI Prudential funds,6,Address,38,Maharashtra,Nashik,India,422001,Nashik-Executive,nashik@gmail.com,,,7767979937,1
GSK,6,Address,38,Maharashtra,Nashik,India,422001,Nashik-Executive,nashik@gmail.com,,,7030044644,1
Mylan,6,Address,38,Maharashtra,Nashik,India,422001,Nashik-Executive,nashik@gmail.com,,,9552581771,1
Innova Rubbers,6,Address,38,Maharashtra,Nashik,India,422001,Nashik-Executive,nashik@gmail.com,,,9921188858,1
Mahindra Finance.,6,Address,38,Maharashtra,Nashik,India,422001,Nashik-Executive,nashik@gmail.com,,,9881096379,1
Bajaj Alliance,6,Address,38,Maharashtra,Nashik,India,422001,Nashik-Executive,nashik@gmail.com,,,7757026095,1
Pelicans India.,6,Address,38,Maharashtra,Nashik,India,422001,Nashik-Executive,nashik@gmail.com,,,9923004833,1
Samsonite,6,Address,38,Maharashtra,Nashik,India,422001,Nashik-Executive,nashik@gmail.com,,,9881096316,1
Apollo Hospital,6,Address,38,Maharashtra,Nashik,India,422001,Nashik-Executive,nashik@gmail.com,,,9561397111,1
Save the Children. ,6,Address,38,Maharashtra,Nashik,India,422001,Nashik-Executive,nashik@gmail.com,,,7083571441,1
Mr. Kazi,6,Address,38,Maharashtra,Nashik,India,422001,Nashik-Executive,nashik@gmail.com,,,2536620601,1
 Mr. Aabid Khan,6,Address,38,Maharashtra,Nashik,India,422001,Nashik-Executive,nashik@gmail.com,,,7378634212,1
NDMVP Trust and college.,6,Address,38,Maharashtra,Nashik,India,422001,Nashik-Executive,nashik@gmail.com,,,9822668511,1
Lucy Electric India,6,Address,38,Maharashtra,Nashik,India,422001,Nashik-Executive,nashik@gmail.com,,,2532381603,1
Thyssenkrup (Rothe Erde),6,Address,38,Maharashtra,Nashik,India,422001,Nashik-Executive,nashik@gmail.com,,,8669653537,1
Brosil Klasspack,6,Address,38,Maharashtra,Nashik,India,422001,Nashik-Executive,nashik@gmail.com,,,0253 238 2404,1
Netwin Infosolutions,6,Address,38,Maharashtra,Nashik,India,422001,Nashik-Executive,nashik@gmail.com,,,9975140094,1
Blue cross ,6,Address,38,Maharashtra,Nashik,India,422001,Nashik-Executive,nashik@gmail.com,,,6663700,1
 RMC India,6,Address,38,Maharashtra,Nashik,India,422001,Nashik-Executive,nashik@gmail.com,,,097644 44901,1
Reliable Industries.,6,Address,38,Maharashtra,Nashik,India,422001,Nashik-Executive,nashik@gmail.com,,,2536689256,1
 Jyoti Chemicals Nashik.,6,Address,38,Maharashtra,Nashik,India,422001,Nashik-Executive,nashik@gmail.com,,,0253 238 2543,1
 Kimplas Piping (Norma group) ,6,Address,38,Maharashtra,Nashik,India,422001,Nashik-Executive,nashik@gmail.com,,,99700619932,1
TJSB bank. ,6,Address,38,Maharashtra,Nashik,India,422001,Nashik-Executive,nashik@gmail.com,,,7039000612,1
Central Bank of India,6,Address,38,Maharashtra,Nashik,India,422001,Nashik-Executive,nashik@gmail.com,,,9921681801,1
Union Bank of India ,6,Address,38,Maharashtra,Nashik,India,422001,Nashik-Executive,nashik@gmail.com,,,9525478799,1
Bisleri,6,Address,38,Maharashtra,Nashik,India,422001,Nashik-Executive,nashik@gmail.com,,,8411970713,1
Glenmark,6,Address,38,Maharashtra,Nashik,India,422001,Nashik-Executive,nashik@gmail.com,,,2536613999,1
