HEMRL,6," Sutarwadi, Pashan, Pune, Maharashtra ",1,327,Pune,110,411021,AJIT,pune@gmail.com,,,1111111111,1
FEV INDIA PVT. LTD.,6," Vill Ambi, Navlakh Umbhre, Talegaon Dabhade, Dist. Pune ",1,327,Pune,110, 410 507,AJIT,pune@gmail.com,,,1111111111,1
DUPONT INDIA PRIVATE LIMITED,6," 25 Alkapuri Society, Alkapuri Aranya Flat No 103, Near Alkapuri Club, Race Course, Race Course",22,319,Vadodara,110,390007,AJIT,pune@gmail.com,,,1111111111,1
SCHAEFFLER INDIA LIMITED,6," A3, MIDC, Talegaon Dabhade, Maharashtra ",1,327,Pune,110,410506,AJIT,pune@gmail.com,,,1111111111,1
POSCO INDIA,6," A-9, Talegaon MIDC, Navlakh Umbre, Talegaon, Pune, Maharashtra ",1,327,Pune,110,410507,AJIT,pune@gmail.com,,,1111111111,1
LUCY SWITCHGEAR,6," H-21, MIDC Ambad, Nashik, Maharashtra ",9,327,Nashik,110,,AJIT,pune@gmail.com,,,1111111111,1
Pratham Tecnologies Pvt Ltd,6," Near Kalubai Mandir, NH4, Kelawade Gaon, Madras, Bombay Trunk Rd, Varve Bk, Maharashtra ",4,327,Bombay,110,412213,AJIT,pune@gmail.com,,,1111111111,1
KINGSPAN INSULATION PVT. LTD.,6," PLOT NO. 2 & 3 GATE NO. 457 AND 458 VILLAGE ,SHINEWADI SHIRWAL SUB DISTRICT KHANDALA DIS SATARA ",16,327,Shinewadi,110,4212801,AJIT,pune@gmail.com,,,1111111111,1
TE CONNECTIVITY INDIA PRIVATE LIMITED,6," Pune - Satara Rd, Maharashtra",1,327,Pune,110,412801,AJIT,pune@gmail.com,,,1111111111,1
NKB Technologies & Group Companies,6," S. No 98, Plot, no 14, Paud Road, Bhusari Colony, Kothrud, Pune, Maharashtra",1,327,Pune,110,411038,AJIT,pune@gmail.com,,,1111111111,1
Vanaz Engineers Limited,6," S. NO, 85/1, Paud Rd, Alkapuri Society, Kothrud, Pune, Maharashtra ",1,327,Pune,110,411038,AJIT,pune@gmail.com,,,1111111111,1
MSKH Polymers,6," Sv No 189, Jyotiba Nagar, Back To Jyoti Mangal Karyalaya, Talawade, Pune, Maharashtra",1,327,Pune,110,412114,AJIT,pune@gmail.com,,,1111111111,1
Tata Bluescope ,6," The Metropolitan, Final Plot No 27, Survey No 21, Wakdewadi,, Shivajinagar, Pune, Maharashtra ",1,327,Pune,110,411005,AJIT,pune@gmail.com,,,1111111111,1
Unique Surface Coatings,6," urvey no. 44 / 14. A/p :, Darshana Properties Lane, near Metamorphic Heat Treatment, Narhe, Pune, Maharashtra ",1,327,Pune,110,411041,AJIT,pune@gmail.com,,,1111111111,1
 Geberit Plumbing Technology India Private Limited ,6,"(At The LaLiT Ashok, Kumara Krupa High Grounds, IN-560 001 Bengaluru",3,324,bengaluru,110,,AJIT,pune@gmail.com,,,1111111111,1
BASF,6,"1, Paud Rd, Mahatma Society, Kothrud, Pune, Maharashtra",1,327,Pune,110,411038,AJIT,pune@gmail.com,,,1111111111,1
Manas Automotive India Pvt Ltd,6,"105, Pabe Ghat Ambee, Maharashtra",1,327,Pune,110,412212,AJIT,pune@gmail.com,,,1111111111,1
MAN DIESEL & TURBO INDIA LTD.( Man Trucks India Pvt Ltd),6,"155, Senapati Bapat Rd, Chattushringi, Gokhalenagar, Pune, Maharashtra",1,327,Pune,110,411016,AJIT,pune@gmail.com,,,1111111111,1
SRF Global India Nidhi Limited,6,"24, Porwal Rd, Nimbalkar Nagar, Kutwal Colony, Lohegaon, Pune, Maharashtra",1,327,Pune,110,411047,AJIT,pune@gmail.com,,,1111111111,1
Yazaki India Private Limited,6,"3, S.No. 166, High Cliff Industrial Estate, Wagholi-Rahu Road, Kesnand, Pune, Maharashtra ",1,327,Pune,110,412207,AJIT,pune@gmail.com,,,1111111111,1
Maharashtra Agro,6,"35/ 2525, Mantarwadi, Uruli Devachi, Haveli, Pune, Maharashtra ",1,327,Pune,110,412308,AJIT,pune@gmail.com,,,1111111111,1
WEX TECHNOLOGIES PVT LTD,6,"37 - 38 Bandal - Dhankude Plaza, Paud Road, kothrud depot, Pune, Maharashtra",1,327,Pune,110,411038,AJIT,pune@gmail.com,,,1111111111,1
Mahindra CIE Automotive Ltd.,6,"371, TAKVE ROAD,AT & POST, Kanhe, Maharashtra",7,327,Kanhe,110,412106,AJIT,pune@gmail.com,,,1111111111,1
Panasonic Life Solutions India,6,"3rd Floor, B Wing I-Think Techno Campus, Pokharan Road No. 2, Thane (W), Maharashtra, India.",21,327,Thane,110,   400 607,AJIT,pune@gmail.com,,,1111111111,1
STERLING AND WILSON LTD,6,"3rd Floor, Signet Corner Opp.Orchid School, Balewadi Naka, Baner, Pune, Maharashtra ",1,327,Pune,110,411045,AJIT,pune@gmail.com,,,1111111111,1
TATA AIG GENERAL INSURANCE CO LTD,6,"3rd Floor, The Orion, Koregaon Park Road, Arjun Mansukhani Path, opp. St. Miras College For Girls, Atur Park Co-operative Housing Society, Sangamvadi, Pune, Maharashtra ",1,327,Pune,110,411001,AJIT,pune@gmail.com,,,1111111111,1
PARI ROBOTICS,6,"463A,463B & 464, Khandala, Tal, Dhangarwadi, Maharashtra",5,327,Dhangarwardi,110,412801,AJIT,pune@gmail.com,,,1111111111,1
BLISSFUL WORLD TOURS PVT. LTD.,6,"605, Star Infinity Building, Sec-14, Seemant Vihar Society, Kaushambi, Ghaziabad, Uttar Pradesh ",6,339,Ghaziabad,110,201010,AJIT,pune@gmail.com,,,1111111111,1
PINNACLE INDUSTRIES PVT. LTD.,6,"9th Floor, Panchshil Tech Park One, near Pride Hotel, Shivajinagar, Pune, Maharashtra",1,327,Pune,110,411005,AJIT,pune@gmail.com,,,1111111111,1
OGNIBENE INDIA PVT LTD,6,"A-13 Talegaon MIDC Village Ambi Navlakh Umbhre Talegaon, Pune",1,327,Pune,110,,AJIT,pune@gmail.com,,,1111111111,1
Posco India Pvt Ltd,6,"A-9, Talegaon MIDC, Navlakh Umbre, Talegaon, Pune, Maharashtra",1,327,Pune,110,410507,AJIT,pune@gmail.com,,,1111111111,1
ASHOKA LEYLAND LTD,6,"Ashok Leyland Ltd, 1717 Shivaji Nagar, Pune, Maharashtra ",1,327,Pune,110,411005,AJIT,pune@gmail.com,,,1111111111,1
Electronica Finance Corporation,6,"Audumbar, 101/1, Dr Ketkar Rd, Erandwane, Pune, Maharashtra ",1,327,Pune,110,411004,AJIT,pune@gmail.com,,,1111111111,1
Continental Surface Solutions India PVT LTD,6,B-17  - MIDC KHANDALA PHASE-2 Village Kesurdi-Khandala,1,327,Pune,110,412802,AJIT,pune@gmail.com,,,1111111111,1
HYMECH Services,6,"B9, Shri Suvarna Aptartment, Lane 3A, Lokmanya Colony,, Behind Utsav Hall, Paud Road, Kothrud, Pune, Maharashtra ",1,327,Pune,110,411038,AJIT,pune@gmail.com,,,1111111111,1
Vitesco,6,"Badhalawadi, Maharashtra",1,327,Pune,110,412106,AJIT,pune@gmail.com,,,1111111111,1
RASHTRIYA ISPAT NIGAM LIMITED,6,"Bharat Forge Road, Hadapsar, Hadapsar, Pune, Maharashtra ",1,327,Pune,110,411028,AJIT,pune@gmail.com,,,1111111111,1
BONFIGLIOLI TRANSMISSIONS P LTD,6,"Business Avenue, Office No.1, Sanghvi Nagar, Aundh, Pune, Maharashtra ",1,327,Pune,110,411007,AJIT,pune@gmail.com,,,1111111111,1
DELVAL FLOW CONTROLS PVT LTD,6,"C T S No 4270 Elpro Compound, Chinchwad Gaon Pune, Maharashtra, India, Pune, Maharashtra ",1,327,Pune,110,411033,AJIT,pune@gmail.com,,,1111111111,1
ESSAR  STEEL INDIA LTD.,6,"City Point Towers, 17, Boat Club Rd, Bund Garden, Sangamvadi, Pune, Maharashtra",1,327,Pune,110,411001,AJIT,pune@gmail.com,,,1111111111,1
CHIKITTSA CLINICS,6,"Dinprabha Apt, Income Tax lane, Nal stop, Karve Rd, Pune, Maharashtra",1,327,Pune,110,411004,AJIT,pune@gmail.com,,,1111111111,1
INDIAN INSTITUTE OF TROPICAL METEOROLOGY,6,"Dr Homi Bhabha Rd, Panchawati, Pashan, Pune, Maharashtra ",1,327,Pune,110,411008,AJIT,pune@gmail.com,,,1111111111,1
GESTAMP AUTOMOTIVE INDIA PRIVATE LIMITED,6,"E1 (Part),Chakan MIDC Road, Phase-III,Kharabwadi, Chakan",1,327,Pune,110,410501,AJIT,pune@gmail.com,,,1111111111,1
NEFAB INDIA PVT LTD,6,"Gat 519, 1/4/8 30 km Milestone, Near Kalubai Mandir Pune- Satara Road, NH4 Village Kelevade, Taluka, Bhor",1,327,Pune,110,412213,AJIT,pune@gmail.com,,,1111111111,1
PPG ASIAN PAINTS,6,"Gat N. 123, Moi Rd, Kurali, Maharashtra ",10,327,Pimpri-chinchwad,110,410501,AJIT,pune@gmail.com,,,1111111111,1
SINTERCOM INDIA PVT LTD,6,"Gat No .127, At post Mangrul, Tal Maval, Mangarul, Maharashtra ",8,327,Mangarul,110,410507,AJIT,pune@gmail.com,,,1111111111,1
VARROC ENGINEERING PVT. LTD.,6,"Gat No 390, Takve Bk, Tal Maval, Pune, Maharashtra",1,327,Pune,110,412106,AJIT,pune@gmail.com,,,1111111111,1
SHRINIWAS ENGINEERING AUTO COMPONENTS PVT. LTD.,6,"Gat no 57 Bebadohal Taluka- Maval, Maharashtra",1,327,Pune,110,410506,AJIT,pune@gmail.com,,,1111111111,1
KUPSA  COATINGS PVT LTD,6,"Gat No.- 107, House No- 259 At Post Parandwadi, Dhamane RD Taluka-Maval, Maharashtra ",1,327, Pune,110,410506,AJIT,pune@gmail.com,,,1111111111,1
Super Paints PVt Ltd,6,"Gat no. 1117-1121, Shirwal, Tal. Dist. 412 801, Khandala, Maharashtra",1,327,Pune,110,412801,AJIT,pune@gmail.com,,,1111111111,1
QH Talboros,6,"Gat no. 1268-71,Palashi Road Shirwal ",1,327,Pune,110,412801,AJIT,pune@gmail.com,,,1111111111,1
RV Technoproducts,6,"Gat No. 43, Navlakh Umbre, Talegaon M.I.D.C, Taluka, Maval, Pune, Maharashtra",1,327,Pune,110,410507,AJIT,pune@gmail.com,,,1111111111,1
ACG PHARMAPACK PVT LTD,6,"GAT No. 448, Shirwal, Tal : Khandala,, Shindewadi, Maharashtra",16,327,Shinewadi,110,412801,AJIT,pune@gmail.com,,,1111111111,1
YORK TRANSPORT EQUIPMENT (I) PVT LTD,6,"Gat no. 537 & 538, Badhalwadi, Vill. Navlakh Umbre, Near Talegaon MIDC, Tal. Maval, Dist. ,Maharashtra",1,327,Pune,110,410507,AJIT,pune@gmail.com,,,1111111111,1
York Transport India Pvt Ltd,6,"Gat no. 537 & 538, Badhalwadi, Vill. Navlakh Umbre, Near Talegaon MIDC, Tal. Maval, Dist. 410507, Maharashtra",1,327,Pune,110,410507,AJIT,pune@gmail.com,,,1111111111,1
"GODREJ & BOYCE MFG CO LTD,(APPLIANCES DIVN)",6,"Gat No. 600-601 Village Wing Post Shirwal Taluka Khandala Satara 412 801, Maharashtra",19,327,Shirwal,110,412801,AJIT,pune@gmail.com,,,1111111111,1
JENDAMARK TECHCELLENCY AUTOMATION (INDIA) PVT. LTD.,6,"Gat No. 736, Shed No. 1, Pune-Bangalore Highway, Velu P.O., Bhor Taluka, Pune, Maharashtra ",1,327,Pune,110,412205,AJIT,pune@gmail.com,,,1111111111,1
VCB Electrnoics ,6,"Gat No. 760,Khed Shivapur, Tal: Haveli, District Pune : 412205",1,327,Pune,110,412205,AJIT,pune@gmail.com,,,1111111111,1
Fine Handling Automation,6,"Gat No. 804,, Pune Bangalore highway, Near Toll Naka,, Khed Shivapur, Pune, Maharashtra ",1,327,Pune,110,412205,AJIT,pune@gmail.com,,,1111111111,1
AESSEAL INDIA PRIVATE LIMITED,6,"Gat No. 85, At Post Varve, Taluka, Bhor, Maharashtra ",20,327,Taluka,110,412205,AJIT,pune@gmail.com,,,1111111111,1
SEEBACH FILTER SOLUTIONS INDIA PVT. LTD.,6,"Gat No.1016, Pune-Bangalore Highway, Shirwal, Maharashtra ",18,327,Shirwal,110,412801,AJIT,pune@gmail.com,,,1111111111,1
ACG ASSOCIATED CAPSULES PVT LTD,6,"Gat No.322/323, Pune Satara Road, Shirwal, Satara ",18,327,Shirwal,110,41280,AJIT,pune@gmail.com,,,1111111111,1
KSPG AUTOMOTIVE INDIA PVT LTD,6,"Gat No.380 Village Takwe, Tal Maval ,Dist-Pune ",1,327,Pune,110,412106,AJIT,pune@gmail.com,,,1111111111,1
Kinetic Electric Engineering Pvt Ltd,6,"Gat No.436/A/2,TAKEWAY BUDRUK,TAL MAVAL ,DIST PUNE ",1,327,Pune,110,412106,AJIT,pune@gmail.com,,,1111111111,1
Cheeda Group of Electrmoics,6,Gat No-2032 Village Palshi Taluka Khandala Satara,20,327,Taluka,110,412801,AJIT,pune@gmail.com,,,1111111111,1
GODREJ & BOYCE MFG. CO. LTD (LAWKIM MOTORS GROUP),6,"Gat No-431, Village- Shindewadi,Post-Shirwal Tal Khandala Dist-Satara",15,327,Satara,110,412801,AJIT,pune@gmail.com,,,1111111111,1
GESTAMP PUNE AUTOMOTIVE PVT. LTD.,6,"Gate 374, 517-521 & 523, Takawe Bk, Maharashtra",19,327,Takawe,110,412106,AJIT,pune@gmail.com,,,1111111111,1
Rieter India Private Limited. ,6,"Gate No 768/2 Village Wing. Shindewadi-Bhor Road.Taluka, Khandala District -Satra ",15,327,Satara,110,412801,AJIT,pune@gmail.com,,,1111111111,1
ACG PAM PHARMA TECHNOLOGIES PVT LTD,6,"Gate No. 446/2, Bebadohal, Maharashtra",2,327,Bebadohal,110,410506,AJIT,pune@gmail.com,,,1111111111,1
Chasys Automotive India,6,"GATNo.41,Near Talegaon MIDC Village Navlakh Umbre TAL Maval Pune ",1,327,Pune,110,410507,AJIT,pune@gmail.com,,,1111111111,1
DEFENCE INSTITUTE OF ADVANCED TECHNOLOGY,6,"Girinagar, Next to Khadakwasla Dam, Pune, Maharashtra ",1,327,Pune,110,411025,AJIT,pune@gmail.com,,,1111111111,1
POWER GRID  CORPORATION OF INDIA,6,"GROUND & SECOND FLOOR, DARSHANA PROPERTIES, S. NO. 44/19, PLOT NO. 4, RENUKA INDUSTRIAL ESTATE, opp. PARANJAPE ABHIRUCHI PARISAR, Narhe, Pune, Maharashtra",1,327,Pune,110,411041,AJIT,pune@gmail.com,,,1111111111,1
GODREJ & BOYCE MFG. CO. LTD (INTERIO DIVISION),6,"Gut No 1267 , Shirwal Palshi Road, Maharashtra ",17,327,Shirwal Paishi,110,412801,AJIT,pune@gmail.com,,,1111111111,1
NATIONAL HIGHWAYS AUTHORITY OF INDIA,6,"HAI - National Highway Authority of India, Warje, Pune, Maharashtra ",1,327,Pune,110,411058,AJIT,pune@gmail.com,,,1111111111,1
CDAC COMPUTING,6,"Innovation Park 34, B/1, Panchawati Rd, Panchawati, Pashan, Pune, Maharashtra ",1,327,Pune,110,411008,AJIT,pune@gmail.com,,,1111111111,1
KIMURA CHEMICAL PLANTS CO LIMITED,6,"K2 project office Nipro India Corporation, Shirwal, Maharashtra ",1,327,Pune,110,412802,AJIT,pune@gmail.com,,,1111111111,1
BUHLER (INDIA) PVT. LTD.,6,"Kapil Complex,1st Floor,Opp. Prabhavee Tech Park,, 82, Baner Mahalunge Road, Baner, Pune",1,327,Pune,110,411045,AJIT,pune@gmail.com,,,1111111111,1
DATWYLER PHARMA PACKAGING INDIA PVT LTD,6,"Khandala Loni Rd, Moh tarf shirwal, Maharashtra ",1,327,Pune,110,412802,AJIT,pune@gmail.com,,,1111111111,1
BAUMULLER INDIA PVT. LTD,6,"Lakshmi Shantiban, NDA Rd, near Walnut School, Shivane, Pune, Maharashtra",1,327,Pune,110,411023,AJIT,pune@gmail.com,,,1111111111,1
JCB INDIA LIMITED,6,"MIDC Talegaon Floriculture & Industrial Park, Vill Ambi, Navlakh Umbhre, Talegaon Dabhade, Dist. Pune ",1,327,Pune,110,410 507,AJIT,pune@gmail.com,,,1111111111,1
Toyota Kirloskar Motor Private Limited,6,"MIDC Talegaon Floriculture & Industrial Park, Vill Ambi, Navlakh Umbhre, Talegaon Dabhade, Dist. Pune ",1,327,Pune,110,410 507,AJIT,pune@gmail.com,,,1111111111,1
NATIONAL HIGHWAYS AUTHORITY OF INDIA,6,"National Highway Authority of India, Warje, Pune, Maharashtra ",1,327,Pune,110,411058,AJIT,pune@gmail.com,,,1111111111,1
Alfa ( The uv Expert),6,"Navalakh Umbre Jadhvwadi Dam Road, Umbare Navalakh, Maharashtra ",1,327,Pune,110,410507,AJIT,pune@gmail.com,,,1111111111,1
Aichelin Unitherm,6,"Navlakh Umbrem Badhalwadi Road, Talegaon MIDC",1,327,Pune,110,410507,AJIT,pune@gmail.com,,,1111111111,1
H.B. FULLER INDIA ADHESHIVE PVT. LTD.,6,"Near RPK India PVT. Ltd., IndoGlobal Industrial estate, Gat No. 1129, Shindewadi, Shirwal, Maharashtra ",1,327,Pune,110,412801,AJIT,pune@gmail.com,,,1111111111,1
RADIX HEALTH TECHNOLOGIES INDIA PVT.LTD.,6,"Near, 5th Floor, Phase 3 building, Navale IT Zone, Navale Bridge, Narhe, Pune, Maharashtra",1,327,Pune,110,411041,AJIT,pune@gmail.com,,,1111111111,1
TOYOTA KIRLOSKAR AUTO PARTS PVT. LTD.,6,Nigojhe Chakan ,1,327,Pune,110,410501,AJIT,pune@gmail.com,,,1111111111,1
MAGNA AUTOMOTIVE INDIA PVT LTD.,6,"No 1, Pashan Rd, Shri Krishna Nagar, Sagar Co-Operative Housing Society, Bavdhan, Pune, Maharashtra ",1,327,Pune,110,411021,AJIT,pune@gmail.com,,,1111111111,1
MAGNA POWERTRAIN INDIA PVT. LTD.,6,"No 1, Pashan Rd, Shri Krishna Nagar, Sagar Co-Operative Housing Society, Bavdhan, Pune, Maharashtra ",1,327,Pune,110,411021,AJIT,pune@gmail.com,,,1111111111,1
MAGNA STEYR INDIA PVT. LTD.,6,"No 1, Pashan Rd, Shri Krishna Nagar, Sagar Co-Operative Housing Society, Bavdhan, Pune, Maharashtra ",1,327,Pune,110,411021,AJIT,pune@gmail.com,,,1111111111,1
BEKAERT INDUSTRIES PVT. LTD.,6,"No 1, Viman Nagar Rd, Sakore Nagar, Viman Nagar, Pune, Maharashtra",1,327,Pune,110,411014,AJIT,pune@gmail.com,,,1111111111,1
BEKAERT INDUSTRIES PVT. LTD.,6,"No 1, Viman Nagar Rd, Sakore Nagar, Viman Nagar, Pune, Maharashtra ",1,327,Pune,110,411014,AJIT,pune@gmail.com,,,1111111111,1
NORMA GROUP PRODUCTS INDIA PVT LTD.,6,"No 662, Old Mumbai - Pune Hwy, Fugewadi, Agrasen Nagar Society, Seva Nagar, Dapodi, Talegaon Dabhade, Maharashtra ",1,327,Pune,110,410506,AJIT,pune@gmail.com,,,1111111111,1
WORLDWIDE OIL FIELD MACHINE PVT LTD,6,"No 778, Pune - Satara Rd, Shridharnagar, Vivek Nagar, Katraj, Bhor, Maharashtra",1,327,Pune,110,412206,AJIT,pune@gmail.com,,,1111111111,1
INGERSOLL RAND - SECURITY,6,"Nucleus Mall, Awfis Business Center, 2nd, 1st Church Rd, Pune, Maharashtra",1,327,Pune,110,411001,AJIT,pune@gmail.com,,,1111111111,1
"Putzmeister Concrete Machines Pvt. Ltd.(83789 69209, Aakash.joge@putzmeister.com",6,"Office no. 501, Wallstreet 24,5th Floor avove MC Donalds Warje ",1,327,Pune,110,411058,AJIT,pune@gmail.com,,,1111111111,1
Ishida India,6,Opposite Continetal Surface Solutions India Pvt Ltd - MIDC KHANDALA PHASE-2 Village Kesurdi-Khandala,1,327,Pune,110,412802,AJIT,pune@gmail.com,,,1111111111,1
ORIENTAL YEAST INDIA PRIVATE LIMITED,6,"Plot No A-4, Kesurdi MIDC Khandala, Tal, Khandala, Shirwal, Maharashtra",1,327,Pune,110,412802,AJIT,pune@gmail.com,,,1111111111,1
UMICORE AUTOCAT INDIA PVT LTD,6,"Plot No. 03, Survey No. 1295,1296,1122B,1140 Mauje Tal Dist, Khandala, Shirwal, Maharashtra ",1,327,Pune,110,412801,AJIT,pune@gmail.com,,,1111111111,1
ACG PHARMA TECHNOLOGIES PVT LTD,6,"Plot No. 1100,1109 & 1116/1, Taluka - Khandala, Dist. Satara, Shirwal, Maharashtra",1,327,Pune,110,412801,AJIT,pune@gmail.com,,,1111111111,1
ECOPACK INDIA PAPER CUP PVT LTD,6,"Plot No. 41 Village Navlakh Umbre, Jadhavwadi Road, near Talegaon MIDC, Pune, Maharashtra",1,327,Pune,110,410507,AJIT,pune@gmail.com,,,1111111111,1
Ecopack Papercup India Pvt Ltd,6,"Plot No. 41 Village Navlakh Umbre, Jadhavwadi Road, near Talegaon MIDC, Pune, Maharashtra ",1,327,Pune,110,410507,AJIT,pune@gmail.com,,,1111111111,1
ASIAN PAINTS LIMITED,6,"Plot No. A1, MIDC, Industrial Area Taluka, Khandala",1,327,Pune,110,412802,AJIT,pune@gmail.com,,,1111111111,1
Prsism Tolling,6,"Plot No. A-22, MIDC, Talegoan Industrial Area, Vil. Navlakumbre, Tal, Maval, Pune, Maharashtra",1,327,Pune,110,410507,AJIT,pune@gmail.com,,,1111111111,1
BERICAP INDIA PVT. LTD.,6,"Plot No. A-6, M.I.D.C., Talegaon, Industrial Area Village NavIak, Umbre, Umbre, Maharashtra ",1,327,Pune,110,410507,AJIT,pune@gmail.com,,,1111111111,1
KLINGSPOR,6,"Plot No. Talegaon Industrial & Floriculture Area Plot No. 12 A -18 , A Besides Uni Sources, 18/1, Talegaon MIDC Rd, Pune, Maharashtra ",1,327,Pune,110,410507,AJIT,pune@gmail.com,,,1111111111,1
Midwest ,6,"Plot No.A19/1 Phase 1, Talegaon Dabhade MIDC Navlakh Umbre, Tal, Maval, Pune, Maharashtra",1,327,Pune,110,410507,AJIT,pune@gmail.com,,,1111111111,1
LARSEN  &  TOUBRO LIMITED,6,"Plot No-A-5,7,10,11,Umbare Navalakh, Tal. Maval,",1,327,Pune,110,,AJIT,pune@gmail.com,,,1111111111,1
GESTAMP AUTOMOTIVE CHENNAI PRIVATE LIMITED,6,"Plot No-B-12,Sipcot Industrial Park phase-2 Vengandu Chennai",1,327,Pune,110,602105,AJIT,pune@gmail.com,,,1111111111,1
TUBE INVESTMENT OF INDIA,6,"Post, Shirwal, Maharashtra",1,327,Pune,110,412801,AJIT,pune@gmail.com,,,1111111111,1
TE Conectivity,6,"Pune - Satara Rd, Maharashtra ",1,327,Pune,110,412801,AJIT,pune@gmail.com,,,1111111111,1
Thermax Babcock & Wilcox Energy Solutions,6,"Pune-Bangalore Highway, Moh tarf shirwal, Maharashtra ",1,327,Pune,110,412802,AJIT,pune@gmail.com,,,1111111111,1
Mist,6,"S No 519/1, At Post Kelawade, Taluka-Bhor, Dist, Pune, Maharashtra ",1,327,Pune,110,412213,AJIT,pune@gmail.com,,,1111111111,1
CIKAUTXO INDIA PVT. LTD.,6,"S. No. 662., Pune - Mumbai Road Talegaon Dabhade, Pune, Maharashtra ",1,327,Pune,110,410506,AJIT,pune@gmail.com,,,1111111111,1
BAG ELECTRONICS (INDIA) PVT. LTD.,6,"S.No 19, Yewlewadi, Kondhwa Road, Pune, Maharashtra ",1,327,Pune,110,411048,AJIT,pune@gmail.com,,,1111111111,1
BAUMER INDIA PVT.LTD.,6,"S.No. 112/2/21, 112/2/64 & 112/2/72, Fourhum Centre, Pune-Mumbai Highway, Warje, opp. RMD Sinhgad College, Pune, Maharashtra ",1,327,Pune,110,411058,AJIT,pune@gmail.com,,,1111111111,1
Baumler,6,"S.No. 112/2/21, 112/2/64 & 112/2/72, Fourhum Centre, Pune-Mumbai Highway, Warje, opp. RMD Sinhgad College, Pune, Maharashtra ",1,327,Pune,110,411058,AJIT,pune@gmail.com,,,1111111111,1
ROSE PLASTIC INDIA PVT. LTD.,6,"S.No. 38/2/3, Narhe Industrial Estate Rd, Pune, Maharashtra ",1,327,Pune,110,411041,AJIT,pune@gmail.com,,,1111111111,1
Tata Hitachi Construction Company Limited.,6,"Service Building BAIF compound,Dr.Manibhai Desai Nagar,Malawadi Warje",1,327,Pune,110,411058,AJIT,pune@gmail.com,,,1111111111,1
UniversAl Spaces,6,"Shindewadi, Maharashtra ",1,327,Pune,110,412801,AJIT,pune@gmail.com,,,1111111111,1
ROYAL ENFIELD,6,"Shop No 1/2, Siddrath Complex, Nagar Rd, near Park Ornate Hotel, Yerawada, Pune, Maharashtra",1,327,Pune,110,411006,AJIT,pune@gmail.com,,,1111111111,1
VENKATESHWARA HATCHERIES PVT LTD,6,"Sinhgad Rd, Vitthalwadi, Hingne Khurd, Pune, Maharashtra",1,327,Pune,110,411051,AJIT,pune@gmail.com,,,1111111111,1
Indotech Industrial Solutions Pvt. Ltd.,6,"Sr. No. 78, Dangat Industrial Estate,, Shivane, Pune, Maharashtra",1,327,Pune,110,411023,AJIT,pune@gmail.com,,,1111111111,1
Enercon India Ltd,6,"Survey No 26 Plot No 51 Shubham, Talegaon Dabhade, Pune - 410507, Near Anand Nagar (Map)",1,327,Pune,110,410507,AJIT,pune@gmail.com,,,1111111111,1
GROHE,6,"Survey no 3, 4, near Ganraj Dhaba, Shriram Nagar, Ambegaon BK, Pune, Maharashtra",1,327,Pune,110,411046,AJIT,pune@gmail.com,,,1111111111,1
ARAI,6,"Survey No.102, Vetal Hill, off, Paud Rd, Rambaug Colony, Kothrud, Pune, Maharashtra ",1,327,Pune,110,411038,AJIT,pune@gmail.com,,,1111111111,1
AUTOMOTIVE COMPONENT MANUFACTURERS ASSOCIATION OF INDIA,6,"Survey No.102, Vetal Hill, off, Paud Rd, Rambaug Colony, Kothrud, Pune, Maharashtra ",1,327,Pune,110,411038,AJIT,pune@gmail.com,,,1111111111,1
HEMRL,6,"Sutarwadi, Pashan, Pune, Maharashtra ",1,327,Pune,110,411021,AJIT,pune@gmail.com,,,1111111111,1
Varroc Polymers,6,"Takawe Bk, Maharashtra",1,327,Pune,110,412106,AJIT,pune@gmail.com,,,1111111111,1
EMERSON PROCESS MANAGEMENT (INDIA) PRIVATE LIMITED,6,"Talegaon Chakan Road Malwadi Talegaon Dabahde, Pune ",1,327,Pune,110,410507,AJIT,pune@gmail.com,,,1111111111,1
COSMA INTERNATIONAL (INDIA )PVT LTD.,6,"Talegaon-Chakan Rd, Rajgurav Colony, Talegaon Dabhade, Maharashtra",1,327,Pune,110,410501,AJIT,pune@gmail.com,,,1111111111,1
RK Infrastructure Pvt Ltd,6,"Taluka Maval, Plot No. 2992/1, Near Nutan Maharashtra Polytechnic College, Talegaon-Chakan Rd, Maharashtra ",1,327,Pune,110,410507,AJIT,pune@gmail.com,,,1111111111,1
THERMAX LTD,6,"Thermax House, 14, Old Mumbai - Pune Hwy, Wakadewadi, Shivajinagar, Pune, Maharashtra ",1,327,Pune,110,411003,AJIT,pune@gmail.com,,,1111111111,1
Toyotetsu India Pvt. Ltd. ,6,"TKM-6, Toyota Techno Park, Bengaluru, Karnataka ",1,327,Pune,110,562109,AJIT,pune@gmail.com,,,1111111111,1
GENERAL MOTORS INDIA PVT LTD,6,"Umbare Navalakh, Maharashtra ",1,327,Pune,110,410507,AJIT,pune@gmail.com,,,1111111111,1
MK TRON AUTOPARTS PRIVATE LIMITED,6,"Umbare Navalakh, Maharashtra ",1,327,Pune,110,410507,AJIT,pune@gmail.com,,,1111111111,1
BORGWARNER COOLING SYSTEMS PVT LTD,6,"Umbare Navalakh, Tal. Maval,, Plot No. A-13/2, Opp. General, Motors,Talegaon MIDC, Pune, Maharashtra ",1,327,Pune,110,410507,AJIT,pune@gmail.com,,,1111111111,1
BORGWARNER EMISSIONS TALEGAON PVT LTD,6,"Umbare Navalakh, Tal. Maval,, Plot No. A-13/2, Opp. General, Motors,Talegaon MIDC, Pune, Maharashtra ",1,327,Pune,110,410507,AJIT,pune@gmail.com,,,1111111111,1
BORGWARNER MORSE SYSTEMS INDIA PRIVATE LIMITED,6,"Umbare Navalakh, Tal. Maval,, Plot No. A-13/2, Opp. General, Motors,Talegaon MIDC, Pune, Maharashtra ",1,327,Pune,110,410507,AJIT,pune@gmail.com,,,1111111111,1
BWF ,6,"Urse, Maharashtra ",1,327,Pune,110,410506,AJIT,pune@gmail.com,,,1111111111,1
STATE BANK OF INDIA,6,"Vijay Chambers, No 1319, Sadashiv Peth, Pune, Maharashtra",1,327,Pune,110,411030,AJIT,pune@gmail.com,,,1111111111,1
STEEL AUTHORITY OF INDIA LIMITED,6," Baner Telephone Exchange Rd, Riviresa Society, Baner, Pune, Maharashtra ",11,327,Pune,110,411045,Kaustubh,pune@gmail.com,,,1111111111,1
BRINTONS CARPETS ASIA PVT LTD,6," Plot 414-416 Village Urwade, Pirangut, Maharashtra ",11,327,Pune,110,412108,Kaustubh,pune@gmail.com,,,1111111111,1
ADIENT INDIA PRIVATE LIMITED,6," Plot No.1, Survey No. 235 & 245, Hinjewadi, Taluka Mulshi, Pune, Maharashtra",11,327,Pune,110,411057,Kaustubh,pune@gmail.com,,,1111111111,1
TUV RHEINLAND ( INDIA ) PVT. LTD,6,"""Sai-Icon"", 2nd Floor, Plot No. 10. Near Next to Yashda,, Baner Rd, Sakal Nagar, Aundh, Pune, Maharashtra ",11,327,Pune,110,411007,Kaustubh,pune@gmail.com,,,1111111111,1
INDECOMM GLOBAL SERVICES (INDIA) PRIVATE LIMITED,6,"#101,phase 2,1st Floor,Manikchand Gallery, Baner, Pune, Maharashtra",11,327,Pune,110,411016,Kaustubh,pune@gmail.com,,,1111111111,1
B.U. BHANDARI MOTORS PRIVATE LIMITED,6,"101, Mumbai Pune Banglore Highway Pashan Exit, Baner, Pune, Maharashtra",11,327,Pune,110,411045,Kaustubh,pune@gmail.com,,,1111111111,1
ARTUR SCHADE STEEL PRODUCTS INDIA PVT LTD,6,"1073/6 Village-Pirangut, Tal, Mulshi, Maharashtra ",11,327,Pune,110,412108,Kaustubh,pune@gmail.com,,,1111111111,1
PRGX INDIA PVT. LTD.,6,"201 202, Amar Paradigm S No 110/11/3, Baner Rd, Baner, Pune, Maharashtra",11,327,Pune,110,411045,Kaustubh,pune@gmail.com,,,1111111111,1
TATA FICOSA AUTOMOTIVE  SYSTEMS LTD,6,"239/240, Phase 1, Hinjewadi Rajiv Gandhi Infotech Park, Hinjawadi, Pune, Maharashtra",11,327,Pune,110,411057,Kaustubh,pune@gmail.com,,,1111111111,1
BBM ACOUSTIC INDIA PVT LTD,6,"266, Post- Near MSEB Sub Station, Pune, Ghotawade Rd, Bhare, Maharashtra ",11,327,Pune,110,412108,Kaustubh,pune@gmail.com,,,1111111111,1
KNORR BREMSE SYSTEMS FOR COMMERCIAL VEHICLES INDIA PVT  LTD,6,"276, Highmont Rd, Phase 2, Hinjewadi Rajiv Gandhi Infotech Park, Hinjawadi, Pune, Maharashtra",11,327,Pune,110,411057,Kaustubh,pune@gmail.com,,,1111111111,1
ALYX TECHNOLOGIES INDIA PVT. LTD.,6,"2nd Floor, Suratwala Mark Plazzo, Hinjawadi, Pune, Maharashtra ",11,327,Pune,110,411057,Kaustubh,pune@gmail.com,,,1111111111,1
HIKAL LTD.,6,"3A, Hinjawadi Phase II, Hinjewadi Rajiv Gandhi Infotech Park, Hinjawadi, Pune, Maharashtra",11,327,Pune,110,411057,Kaustubh,pune@gmail.com,,,1111111111,1
AGREEYA MOBILITY INDIA PVT. LTD.,6,"401-402, Amar Apex, Baner Road, Pune, Maharashtra",11,327,Pune,110,411045,Kaustubh,pune@gmail.com,,,1111111111,1
FINOLEX PLASSON INDUSTRIES PVT. LTD.,6,"404 - 408 - 4th Floor, Nyati Emporius, near Radha Hotel, Baner, Pune, Maharashtra ",11,327,Pune,110,411057,Kaustubh,pune@gmail.com,,,1111111111,1
PARLE AGRO PVT LTD,6,"602, siddh Icon, Banner Road, Baner Rd, Pune, Maharashtra",11,327,Pune,110,,Kaustubh,pune@gmail.com,,,1111111111,1
NAYARA ENERGY LIMITED,6,"707 -708 Supreme Headquarters, Yash Orchid Society, Baner, Pune, Maharashtra",11,327,Pune,110,411021,Kaustubh,pune@gmail.com,,,1111111111,1
SWIFTWIN TECHNOLOGIES LLP,6,"7th Floor, The Kode, Baner - Pashan Link Rd, Baner, Pune, Maharashtra 411045",11,327,Pune,110,,Kaustubh,pune@gmail.com,,,1111111111,1
IMECO MACHINES PVT. LTD.,6,"A 1 to A 7, Shubhamkaroti Industrial Estate, Gate No. 1546, Pirangut Tal. Mulshi, Dist. Pune - 412 115, Pune, Maharashtra ",11,327,Pune,110,412115,Kaustubh,pune@gmail.com,,,1111111111,1
ABB India Pvt Ltd,6,"ABB House, Aundh, Pune",11,327,Pune,110,,Kaustubh,pune@gmail.com,,,1111111111,1
METROHM INDIA LIMITED,6,"Amar Apex, 302, 3rd Floor, Deron Hills, Lane, Baner Rd, Baner, Pune, Maharashtra",11,327,Pune,110,411045,Kaustubh,pune@gmail.com,,,1111111111,1
IDEX INDIA PVT LTD,6,"Amar Apex, Baner Road, Pune, Maharashtra ",11,327,Pune,110,411045,Kaustubh,pune@gmail.com,,,1111111111,1
ASCENDAS IT PARK (PUNE) PVT. LTD.,6,"Amar Business Park Vibhag No. 39, 563, Baner Rd, Pune, Maharashtra ",11,327,Pune,110,411045,Kaustubh,pune@gmail.com,,,1111111111,1
METALSA INDIA,6,"Amar Neptune, Baner, Pune, Maharashtra",11,327,Pune,110,411045,Kaustubh,pune@gmail.com,,,1111111111,1
SYNGENTA INDIA LTD,6,"Amar Paradigm, Sr No. 110/11/3, Baner - Mahalunge Rd, near Sadanand Hotel, Baner, Pune, Maharashtra ",11,327,Pune,110,411045,Kaustubh,pune@gmail.com,,,1111111111,1
SYNGENTA SERVICES PVT. LTD.,6,"Amar Paradigm, Sr No. 110/11/3, Baner - Mahalunge Rd, near Sadanand Hotel, Baner, Pune, Maharashtra ",11,327,Pune,110,411045,Kaustubh,pune@gmail.com,,,1111111111,1
ORACLE INDIA PRIVATE LTD,6,"Ambrosia, Oracle Park, Mulshi Rd, Bavdhan, Pune, Maharashtra",11,327,Pune,110,,Kaustubh,pune@gmail.com,,,1111111111,1
NALINI DESIGNS & SOLUTIONS LLP,6,Aundh,11,327,Pune,110,,Kaustubh,pune@gmail.com,,,1111111111,1
SYNATECH,6,Aundh,11,327,Pune,110,,Kaustubh,pune@gmail.com,,,1111111111,1
Alyssum Developers,6,Baner,11,327,Pune,110,,Kaustubh,pune@gmail.com,,,1111111111,1
LG ELECTRONICS INDIA  PVT. LTD,6,"Baner | Pune, Baner - Pashan Link Rd, Ward No. 8, Pushpak Park, Aundh, Pune, Maharashtra",11,327,Pune,110,,Kaustubh,pune@gmail.com,,,1111111111,1
CONCORDE MOTORS (INDIA)LIMITED,6,Baner Pune,11,327,Pune,110,,Kaustubh,pune@gmail.com,,,1111111111,1
HOWDEN THOMASSEN COMPRESSORS INDIA PVT. LTD.,6,"Baner Pashan Link Road. Pune, India",11,327,Pune,110,411045,Kaustubh,pune@gmail.com,,,1111111111,1
UPL LIMITED,6,"Baner, Pune",11,327,Pune,110,,Kaustubh,pune@gmail.com,,,1111111111,1
KOMAX AUTOMATION INDIA PVT LTD,6,Bhavdhan,11,327,Pune,110,,Kaustubh,pune@gmail.com,,,1111111111,1
ACCENTURE INDIA PVT LTD,6,"Blue Ridge - Paranjpe Schemes, Phase 1, Hinjewadi Rajiv Gandhi Infotech Park, Hinjawadi, Maharashtra ",11,327,Pune,110,411057,Kaustubh,pune@gmail.com,,,1111111111,1
HYFLUX ENGINEERING INDIA PVT LTD,6,"Deron hills, Baner, Pune, Maharashtra ",11,327,Pune,110,411045,Kaustubh,pune@gmail.com,,,1111111111,1
AutoPress India Pvt. Ltd.,6,"Gat 322 (New), Pirangut Village, Tal.Mulshi Poud Rd, Pirangut, Maharashtra ",11,327,Pune,110,412111,Kaustubh,pune@gmail.com,,,1111111111,1
RANDACK FASTENERS INDIA PVT.LTD,6,"Gat no. 1197, Klaus Union Campus,, Pirangut, Pune, near Ghotawade Phata, Pirangut, Maharashtra ",11,327,Pune,110,412115,Kaustubh,pune@gmail.com,,,1111111111,1
MAHLE FILTER SYSTEMS (INDIA) PVT LTD.,6,"Gat No. 410/411, Mauje Urawade, Tal. Mulshi, Temghar-Lavasa Rd, Pirangut, Maharashtra ",11,327,Pune,110,412115,Kaustubh,pune@gmail.com,,,1111111111,1
COVENTYA INDIA PVT. LTD.,6,"Gat No. 520B, Shelkewadi, Rihe Road, Maharashtra ",11,327,Pune,110,411042,Kaustubh,pune@gmail.com,,,1111111111,1
TRW SUN STEERING WHEELS PVT. LTD,6,"Gate No. 262-263, Lavale Phata, Tal. Mulshi, Dist. Pune, Pirangut, Maharashtra ",11,327,Pune,110,412115,Kaustubh,pune@gmail.com,,,1111111111,1
KLAUS UNION ENGG. INDIA PVT LTD,6,"Ghotawade Phata, Pirangut, Maharashtra ",11,327,Pune,110,412115,Kaustubh,pune@gmail.com,,,1111111111,1
PRICOL LIMITED,6,"Global - Raisoni Industrial Park, Gat No. 180-187, Phulgaon, Haveli Taluka, Maharashtra ",11,327,Pune,110,412216,Kaustubh,pune@gmail.com,,,1111111111,1
Infostretch Corporation (India) Private Limited,6,"Hinjawadi Phase 1 Rd, Blue Ridge Town Pune, Phase 1, Hinjewadi Rajiv Gandhi Infotech Park, Hinjawadi, Pimpri-Chinchwad, Maharashtra ",11,327,Pune,110,411057,Kaustubh,pune@gmail.com,,,1111111111,1
AQUATECH SYSTEM ASIA PVT. LTD,6,"Hinjawadi Phase 2 Rd, Phase 1, Hinjewadi Rajiv Gandhi Infotech Park, Hinjawadi, Pimpri-Chinchwad, Maharashtra",11,327,Pune,110,411057,Kaustubh,pune@gmail.com,,,1111111111,1
Rockwell Automation India Pvt. Ltd.,6,"Hinjawadi Phase-2, Ground & 1st floor, Mississippi, Embassy Techzone, Hinjawadi Phase II, Hinjewadi Rajiv Gandhi Infotech Park, Hinjawadi, Pimpri-Chinchwad, Maharashtra ",11,327,Pune,110,411057,Kaustubh,pune@gmail.com,,,1111111111,1
KENNAMETAL INDIA LTD,6,"Ist Floor, Mayfai, Baner Pune, Maharashtra ",11,327,Pune,110,411005,Kaustubh,pune@gmail.com,,,1111111111,1
THYSSENKRUPP (Baner),6,"Laxman Nagar, Baner, Pune, Maharashtra",11,327,Pune,110,,Kaustubh,pune@gmail.com,,,1111111111,1
MARPOSS INDIA LTD,6,"Montreal Tower, Tower 1, office No 902, Baner, Pune, Maharashtra ",11,327,Pune,110,411045,Kaustubh,pune@gmail.com,,,1111111111,1
HARTING INDIA PRIVATE LIMITED,6,"Motiram Nagar, Warje, Pune, Maharashtra",11,327,Pune,110,,Kaustubh,pune@gmail.com,,,1111111111,1
BHARAT ELECTRONICS LTD.,6,"NDA Pashan Rd, Ram Nagar, Bavdhan, Pune, Maharashtra ",11,327,Pune,110,411021,Kaustubh,pune@gmail.com,,,1111111111,1
"HEXAGON METROLOGY INDIA PVT. LTD,",6,"No. 22, Ln 2/C, Vidnyan Nagar, Bavdhan, Pune, Maharashtra ",11,327,Pune,110,411021,Kaustubh,pune@gmail.com,,,1111111111,1
TEXOL ENGINEERING PVT LTD,6,"No. 321, Mumbai Pune Bypass Rd, Baner Gaon, Bavdhan, Pune, Maharashtra ",11,327,Pune,110,411021,Kaustubh,pune@gmail.com,,,1111111111,1
GRUNDFOS PUMPS INDIA PVT. LTD,6,"No.906 & 907, Amar Business park Plot No 1 , S No.105, Hissa No 3 Opposite Hotel Sadanand, Baner, Tal, Havelo, Pune, Maharashtra ",11,327,Pune,110,411045,Kaustubh,pune@gmail.com,,,1111111111,1
ASHIANA HOUSING LTD,6,"Office No. 2, 2nd Floor, Purushottam plaza, Baner Road, Pune, Maharashtra ",11,327,Pune,110,411045,Kaustubh,pune@gmail.com,,,1111111111,1
ALFA LAVAL (INDIA) PVT LTD,6,"Office No. 301, Global Port Building, Survey No. 45/1-10, Mumbai Bangalore Highway Baner Pune",11,327,Pune,110,,Kaustubh,pune@gmail.com,,,1111111111,1
JINDAL STAINLESS LTD,6,"Office No-7: Plot No 15 Tradefiled, Opposite Sony World, Sanghvi Nagar, Aundh, Pune, Maharashtra ",11,327,Pune,110,411007,Kaustubh,pune@gmail.com,,,1111111111,1
NILONS ENTERPRISES PVT. LTD.,6,"opposite Syngenta, Laxman Nagar, Baner, Pune, Maharashtra",11,327,Pune,110,,Kaustubh,pune@gmail.com,,,1111111111,1
Formel D India Private Limited,6,"Pashan Hwy Side Rd, Mahalunge, Pune, Maharashtra ",11,327,Pune,110,411045,Kaustubh,pune@gmail.com,,,1111111111,1
HELLA INDIA AUTOMOTIVE PVT. LTD.,6,"Pashan, Pune, Maharashtra",11,327,Pune,110,411045,Kaustubh,pune@gmail.com,,,1111111111,1
DASSAULT SYSTEMES,6,"Phase 1, Hinjewadi Rajiv Gandhi Infotech Park, Hinjawadi, Pimpri-Chinchwad, Maharashtra ",11,327,Pune,110,411057,Kaustubh,pune@gmail.com,,,1111111111,1
IDES TECHNOLOGIES,6,"Phase 1, Hinjewadi Rajiv Gandhi Infotech Park, Hinjawadi, Pimpri-Chinchwad, Maharashtra",11,327,Pune,110,411057,Kaustubh,pune@gmail.com,,,1111111111,1
JOHNSON MATTHEY INDIA PVT. LTD,6,"Phase 1, Hinjewadi Rajiv Gandhi Infotech Park, Hinjawadi, Pimpri-Chinchwad, Maharashtra",11,327,Pune,110,411057,Kaustubh,pune@gmail.com,,,1111111111,1
L&T INFOTECH LTD.,6,"Phase 1, Hinjewadi Rajiv Gandhi Infotech Park, Hinjawadi, Pimpri-Chinchwad, Maharashtra ",11,327,Pune,110,411057,Kaustubh,pune@gmail.com,,,1111111111,1
SYMBIOSIS OPEN EDUCATION SOCIETY,6,"Phase 1, Hinjewadi Rajiv Gandhi Infotech Park, Hinjawadi, Pimpri-Chinchwad, Maharashtra ",11,327,Pune,110,411057,Kaustubh,pune@gmail.com,,,1111111111,1
TATA TOYO RADIATORS LTD,6,"Phase 1, Hinjewadi Rajiv Gandhi Infotech Park, Hinjawadi, Pimpri-Chinchwad, Maharashtra ",11,327,Pune,110,411057,Kaustubh,pune@gmail.com,,,1111111111,1
ATLAS COPCO INDIA LTD.HINJEWADI,6,"Phase 2 Rd, Hinjewadi Phase II, Phase 1, Hinjewadi Rajiv Gandhi Infotech Park, Hinjawadi, Pimpri-Chinchwad, Maharashtra ",11,327,Pune,110,411057,Kaustubh,pune@gmail.com,,,1111111111,1
CENTAUR PHARMACEUTICAL  PVT LT,6,"Phase 2, Hinjewadi Rajiv Gandhi Infotech Park, Hinjawadi, Pimpri-Chinchwad, Maharashtra ",11,327,Pune,110,411057,Kaustubh,pune@gmail.com,,,1111111111,1
COGNIZANT TECHNOLOGY SOLUTIONS INDIA PVT LTD,6,"Phase 2, Hinjewadi Rajiv Gandhi Infotech Park, Hinjawadi, Pimpri-Chinchwad, Maharashtra ",11,327,Pune,110,411057,Kaustubh,pune@gmail.com,,,1111111111,1
DANA INDIA PVT LTD,6,"Phase 2, Hinjewadi Rajiv Gandhi Infotech Park, Hinjawadi, Pimpri-Chinchwad, Maharashtra ",11,327,Pune,110,411057,Kaustubh,pune@gmail.com,,,1111111111,1
Dana India Technical Centre Pvt. Ltd.,6,"Phase 2, Hinjewadi Rajiv Gandhi Infotech Park, Hinjawadi, Pimpri-Chinchwad, Maharashtra ",11,327,Pune,110,411057,Kaustubh,pune@gmail.com,,,1111111111,1
DIMECO KIRPEKAR ENGINEERING PVT LTD,6,"Phase 2, Hinjewadi Rajiv Gandhi Infotech Park, Hinjawadi, Pimpri-Chinchwad, Maharashtra ",11,327,Pune,110,411057,Kaustubh,pune@gmail.com,,,1111111111,1
IBM INDIA PRIVATE LTD.,6,"Phase 2, Hinjewadi Rajiv Gandhi Infotech Park, Hinjawadi, Pimpri-Chinchwad, Maharashtra ",11,327,Pune,110,411057,Kaustubh,pune@gmail.com,,,1111111111,1
INFOSYS TECHNOLOGIES LTD,6,"Phase 2, Hinjewadi Rajiv Gandhi Infotech Park, Hinjawadi, Pimpri-Chinchwad, Maharashtra ",11,327,Pune,110,411057,Kaustubh,pune@gmail.com,,,1111111111,1
KAM-AVIDA ENVIRO ENGINEERS PRIVATE LIMITED,6,"Phase 2, Hinjewadi Rajiv Gandhi Infotech Park, Hinjawadi, Pimpri-Chinchwad, Maharashtra ",11,327,Pune,110,411057,Kaustubh,pune@gmail.com,,,1111111111,1
PENTAIR TECHNICAL PRODUCTS INDIA,6,"Phase 2, Hinjewadi Rajiv Gandhi Infotech Park, Hinjawadi, Pimpri-Chinchwad, Maharashtra",11,327,Pune,110,411057,Kaustubh,pune@gmail.com,,,1111111111,1
PLANQUADRAT INDIA PVT LTD,6,"Phase 2, Hinjewadi Rajiv Gandhi Infotech Park, Hinjawadi, Pimpri-Chinchwad, Maharashtra",11,327,Pune,110,411057,Kaustubh,pune@gmail.com,,,1111111111,1
SMRC AUTOMOTIVE PRODUCTS INDIA LTD,6,"Phase 2, Hinjewadi Rajiv Gandhi Infotech Park, Hinjawadi, Pimpri-Chinchwad, Maharashtra ",11,327,Pune,110,411057,Kaustubh,pune@gmail.com,,,1111111111,1
TATA AUTOCOMP SYSTEMS  LTD,6,"Phase 2, Hinjewadi Rajiv Gandhi Infotech Park, Hinjawadi, Pimpri-Chinchwad, Maharashtra ",11,327,Pune,110,411057,Kaustubh,pune@gmail.com,,,1111111111,1
TRUMPF (INDIA) PRIVATE LIMITED,6,"Phase 2, Hinjewadi Rajiv Gandhi Infotech Park, Hinjawadi, Pimpri-Chinchwad, Maharashtra ",11,327,Pune,110,411057,Kaustubh,pune@gmail.com,,,1111111111,1
ANSYS,6,"Phase 3, Hinjewadi Rajiv Gandhi Infotech Park, Hinjawadi, Pune, Maharashtra ",11,327,Pune,110,411057,Kaustubh,pune@gmail.com,,,1111111111,1
GENNOVA BIOPHARMACEUTICALS LTD,6,"Phase 3, Hinjewadi Rajiv Gandhi Infotech Park, Hinjawadi, Pune, Maharashtra ",11,327,Pune,110,411057,Kaustubh,pune@gmail.com,,,1111111111,1
IASYS TECHNOLOGY SOLUTIONS PVT. LTD.,6,"Phase 3, Hinjewadi Rajiv Gandhi Infotech Park, Hinjawadi, Pune, Maharashtra ",11,327,Pune,110,411057,Kaustubh,pune@gmail.com,,,1111111111,1
KPIT TECHNOLOGIES LTD.,6,"Phase 3, Hinjewadi Rajiv Gandhi Infotech Park, Hinjawadi, Pune, Maharashtra ",11,327,Pune,110,411057,Kaustubh,pune@gmail.com,,,1111111111,1
Synechron Technologies Pvt. Ltd,6,"Phase 3, Hinjewadi Rajiv Gandhi Infotech Park, Hinjawadi, Pune, Maharashtra",11,327,Pune,110,411057,Kaustubh,pune@gmail.com,,,1111111111,1
TECH MAHINDRA LIMITED.,6,"Phase 3, Hinjewadi Rajiv Gandhi Infotech Park, Hinjawadi, Pune, Maharashtra",11,327,Pune,110,411057,Kaustubh,pune@gmail.com,,,1111111111,1
YASH TECHNOLOGIES PRIVATE LIMITED,6,"Phase 3, Hinjewadi Rajiv Gandhi Infotech Park, Hinjawadi, Pune, Maharashtra",11,327,Pune,110,411057,Kaustubh,pune@gmail.com,,,1111111111,1
KAESER COMPRESSORS INDIA P. LT,6,"Pirangut, Maharashtra ",11,327,Pune,110,412115,Kaustubh,pune@gmail.com,,,1111111111,1
VOSS EXOTECH AUTOMOTIVE PVT. LTD.,6,"Pirangut, Mulshi, Maharashtra",11,327,Pune,110,412115,Kaustubh,pune@gmail.com,,,1111111111,1
Tata Consultancy Services Limited.,6,"Plot No 18, Ascendas International Technology Park, Phase 3, Hinjewadi Rajiv Gandhi Infotech Park, Hinjawadi, Pune, Maharashtra",11,327,Pune,110,411057,Kaustubh,pune@gmail.com,,,1111111111,1
APEX POWER TOOLS INDIA PVT LTD.,6,"Plot No.#234,234 & 245, Indialand Land Global Industrial Park Hinjewadi, Phase 1, Pune, Maharashtra ",11,327,Pune,110,411057,Kaustubh,pune@gmail.com,,,1111111111,1
HONEYWELL AUTOMATION INDIA LTD,6,"Plot No: 4A, Raisoni Industrial Estate, Near Village Maan, Taluka Mulshi, Hinjawadi Phase II, Hinjawadi Rajiv Gandhi Infotech Park, Hinjawadi, Pune, Maharashtra ",11,327,Pune,110,411057,Kaustubh,pune@gmail.com,,,1111111111,1
EMCURE PHARMACEUTICALS LTD.,6,"Plot.No P2, Hinjawadi Phase, 2, MIDC, ITBT Park, Pimpri-Chinchwad, Maharashtra",11,327,Pune,110,411057,Kaustubh,pune@gmail.com,,,1111111111,1
Praj Industries Ltd,6,"Praj Tower, Bhumkar Chowk- Hinjawadi Road, Hinjawadi Village, 274 & 275/2, Praj Industries Rd, Hinjawadi, Pimpri-Chinchwad, Maharashtra ",11,327,Pune,110,411057,Kaustubh,pune@gmail.com,,,1111111111,1
SCHNEIDER ELECTRIC INDIA PVT,6,"R. B. Business Centre, Sanghavi Nagar, Aundh, 2nd Floor, Above Dass Electronics, Central Excise Colony, Aundh, Pune, Maharashtra",11,327,Pune,110,411007,Kaustubh,pune@gmail.com,,,1111111111,1
DMG MORI India Private Limited,6,"Regent Plaza, Baner, Pune",11,327,Pune,110,,Kaustubh,pune@gmail.com,,,1111111111,1
CUMULUS SYSTEM PVT LTD,6,"S R Iriz, Iriz, 502, Baner - Pashan Link Rd, Pashan, Pune, Maharashtra ",11,327,Pune,110,411021,Kaustubh,pune@gmail.com,,,1111111111,1
MSC SOFTWARE CORPORATION,6,"Sai Radhe Complex, Unit No. 101-105, 1st Floor, 100+101, Kennedy Road Behind Grand Sheraton Pune Maharashtra 411001 IN, Sangamvadi, Pune, Maharashtra ",11,327,Pune,110,411001,Kaustubh,pune@gmail.com,,,1111111111,1
ADITI TRACKING SUPPORT PRIVATE LIMITED,6,"Sanghvi Hospital, Aundh, Pune",11,327,Pune,110,,Kaustubh,pune@gmail.com,,,1111111111,1
ATLAS COPCO (I) LIMITED,6,"Seva Nagar, Dapodi, Pune, Maharashtra",11,327,Pune,110,411012,Kaustubh,pune@gmail.com,,,1111111111,1
CRANE PROCESS FLOW TECHNOLOGIES (INDIA) LTD,6,"Solitaire, 8, ITI Road, Ward No. 8, National Housing Society, Aundh, Pune, Maharashtra",11,327,Pune,110,411007,Kaustubh,pune@gmail.com,,,1111111111,1
RELIANCE CORPORATE IT PARK LIMITED,6,"SRPF Rd, SRPF, Wanowrie, Pune, Maharashtra ",11,327,Pune,110,411040,Kaustubh,pune@gmail.com,,,1111111111,1
XORIANT SOLUTIONS PVT. LTD.,6,"Survey No 110, Amar Paradigm, 5th Floor, Baner Rd, Baner, Pune, Maharashtra ",11,327,Pune,110,411045,Kaustubh,pune@gmail.com,,,1111111111,1
TATA CHEMICALS LTD,6,"Survey No 315, Hissa No 1-14, Paud Rd, Darawali, Maharashtra ",11,327,Pune,110,412111,Kaustubh,pune@gmail.com,,,1111111111,1
SIEMENS P L M SOFTWARE  INDIA,6,"Survey No. 21, Tower B & C Cummins India Office Campus, Baner - Balewadi Rd, Laxman Nagar, Baner, Pune, Maharashtra",11,327,Pune,110,411045,Kaustubh,pune@gmail.com,,,1111111111,1
HENKEL ADHESIVE TECHNOLOGIES INDIA PVT LTD,6,"Survey No. 234, 235 & 245, India Land Global Industrial Park, Phase 1, Hinjawadi, Pune, Maharashtra ",11,327,Pune,110,411057,Kaustubh,pune@gmail.com,,,1111111111,1
Pall India Private Limited,6,"Survey No. 237, IT Park, Phase 1, Hinjwadi, Pune, Maharashtra ",11,327,Pune,110,411057,Kaustubh,pune@gmail.com,,,1111111111,1
BIORAD MEDISYS PVT LTD.,6,"Survey No. 48, 3 & 48 7, Pashan - Sus Rd, Sus, Pune, Maharashtra",11,327,Pune,110,411021,Kaustubh,pune@gmail.com,,,1111111111,1
Tata Consulting Engineers Limited,6,"Sus Road, Pashan Gaon, Pashan, Pune, Maharashtra",11,327,Pune,110,,Kaustubh,pune@gmail.com,,,1111111111,1
KTGY INDIA PVT LTD,6,"Teerth Techno Space, Unit B-505, 5th Floor,, Pune Banglore Highway Pashan Exit, Baner, Pune, Maharashtra ",11,327,Pune,110,411045,Kaustubh,pune@gmail.com,,,1111111111,1
TUV INDIA PRIVATE LIMITED,6,"TUV India House Survey No – 42, 3/1 & 3/2, Sus Rd, Pune, Maharashtra ",11,327,Pune,110,411021,Kaustubh,pune@gmail.com,,,1111111111,1
XYLEM WATER SOLUTIONS INDIA Pvt Ltd,6,"Unit 3, Baner Rd, Baner Gaon, Baner, Pune, Maharashtra",11,327,Pune,110,411045,Kaustubh,pune@gmail.com,,,1111111111,1
OMRON AUTOMATION PVT. LTD.,6,"Unit No 301-303, 3Rd Floor, Amar Business Park, Veerbhadra Nagar, Baner, Pune, Maharashtra",11,327,Pune,110,411045,Kaustubh,pune@gmail.com,,,1111111111,1
DIALOGIC NETWORKS (INDIA) PVT LTD,6,"Unit No 501 – 504, Amar Business Park Vibhag No. 39, 563, Baner Rd, Pune, Maharashtra ",11,327,Pune,110,411045,Kaustubh,pune@gmail.com,,,1111111111,1
FIS SOLUTIONS INDIA PRIVATE LIMITED,6,"Westend Center One, 169/1, Sangvi Kesri Rd, Harmony Society, Ward No. 8, Wireless Colony, Aundh, Pune, Maharashtra ",11,327,Pune,110,411007,Kaustubh,pune@gmail.com,,,1111111111,1
KIRLOSKAR BROTHERS LIMITED,6,"Yamuna Survey No. 98/3-7, Plot no. 3, Plot no. 3, KBL, Baner, Pune, Maharashtra",11,327,Pune,110,411045,Kaustubh,pune@gmail.com,,,1111111111,1
CUMMINS INDIA LTD,6,"Cummins Business Services
Cummins Technologies India Pvt Ltd
Cummins India Office Campus
Tower A, 4th Floor
Survey No. 21, Balewadi,
Pune 
",12,327,Pune,110, 411 045,Kavita,pune@gmail.com,,,1111111111,1
CUMMINS TECHNOLOGIES INDIA PVT. LTD.,6,"Cummins Business Services
Cummins Technologies India Pvt Ltd
Cummins India Office Campus
Tower A, 4th Floor
Survey No. 21, Balewadi,
Pune 
",12,327,Pune,110, 411 045,Kavita,pune@gmail.com,,,1111111111,1
Tata Cummins Ltd.,6,"Cummins Business Services
Cummins Technologies India Pvt Ltd
Cummins India Office Campus
Tower A, 4th Floor
Survey No. 21, Balewadi,
Pune
",12,327,Pune,110, 411 045,Kavita,pune@gmail.com,,,1111111111,1
Busch Vaccum Solutions,6," j 527, J Block, MIDC, Bhosari, Pimpri-Chinchwad, Maharashtra ",13,327,Pune,110,411026,Maithili,pune@gmail.com,,,1111111111,1
MAGNA AUTOMOTIVE INDIA PVT LTD.,6," Magna Automotive India Private Limited, Om Chambers, 701, Plot No. T-29/31, Bhosari Industrial Estate, Bhosari",13,327,Pune,110,411026,Maithili,pune@gmail.com,,,1111111111,1
PJV Valves,6," Plot No. 164, Sector 10, PCNTDA, MIDC, Bhosari, Pimpri-Chinchwad, Maharashtra",13,327,Pune,110,411026,Maithili,pune@gmail.com,,,1111111111,1
ATE Enterprises/ECO Axis,6," T Maharashtra, India 126, T Block, MIDC, Bhosari, Pune, Maharashtra ",13,327,Pune,110,411026,Maithili,pune@gmail.com,,,1111111111,1
CARL ZEISS INDIA PVT. LTD.,6,"1/2, Morewadi, Pimpri Colony, Pimpri-Chinchwad, Maharashtra ",13,327,Pune,110,411018,Maithili,pune@gmail.com,,,1111111111,1
AMPHENOL INTERCONNECT INDIA PVT. LTD.,6,"105, Bhosari Industrial Area, Landewadi, Bhosari, Pune, Maharashtra ",13,327,Pune,110,411026,Maithili,pune@gmail.com,,,1111111111,1
Pune Metagraph,6,"113 General Block, MIDC, Bhosari, Pimpri-Chinchwad, Maharashtra",13,327,Pune,110,411026,Maithili,pune@gmail.com,,,1111111111,1
Curtiss Wright,6,"124, Nigdi Bhosari Rd, S Block, MIDC, Bhosari, Pimpri-Chinchwad, Maharashtra",13,327,Pune,110,411026,Maithili,pune@gmail.com,,,1111111111,1
Bharat Benz/Ghatge Trucking - BharatBenz Authorized Dealer,6,"126, Tathawade, Pune Mumbai Highway, PCMC, Pune, Maharashtra ",13,327,Pune,110,411033,Maithili,pune@gmail.com,,,1111111111,1
Festo India,6,"130, T Block, MIDC, Bhosari, Pune, Maharashtra ",13,327,Pune,110,411026,Maithili,pune@gmail.com,,,1111111111,1
Kores Foundry,6,"14, MIDC Rd, Khande Wasti, Sector 10, MIDC, Bhosari, Pimpri-Chinchwad, Maharashtra",13,327,Pune,110,411026,Maithili,pune@gmail.com,,,1111111111,1
MTU INDIA PVT LTD,6,"159/1, Opposite Sai Petrol Pump, Tathawade, Pune-Mumbai highway, Pune, Maharashtra 411033 and S.No. 191-192, Unit No 401, South Block 4th Floor, ICC- Devi Gaurav Technology Park Old Mumbai Pune Highway, near Kasarwadi Railway Station, Pimpri-Chinchwad, Pune, Maharashtra ",13,327,Pune,110,411018,Maithili,pune@gmail.com,,,1111111111,1
AVL INDIA PVT. LTD.,6,"195, Old Mumbai - Pune Hwy, MIDC, Pimpri Colony, Pune, Maharashtra ",13,327,Pune,110,411018,Maithili,pune@gmail.com,,,1111111111,1
"JFE ENGG INDIA PVT. LTD, PUNE ENGINEERING CENTRE",6,"195, Old Mumbai - Pune Hwy, MIDC, Pimpri Colony, Pune, Maharashtra",13,327,Pune,110,411018,Maithili,pune@gmail.com,,,1111111111,1
SMC Corporation,6,"2 ND FLOOR , PLOT NO.T-165 / 3 / 9, 2nd FLOOR, GEETA TOOLS PRIYADARSHANI MAHILA SWAYAM ROJGAR INDUSTRIAL PREMISES CO-OP SOCIETY, MIDC Rd, Bhosari, Pune, Maharashtra ",13,327,Pune,110,411026,Maithili,pune@gmail.com,,,1111111111,1
Repute Engineers,6,"20, 7, D-1 Block, MIDC, Chinchwad, Pune, Maharashtra ",13,327,Pune,110,411019,Maithili,pune@gmail.com,,,1111111111,1
FINEARC SYSTEMS PVT. LTD.,6,"21, Block F-2, MIDC, Pimpri Colony, Pimpri-Chinchwad, Maharashtra",13,327,Pune,110,411018,Maithili,pune@gmail.com,,,1111111111,1
HYT ENGINEERING COMPANY PVT. LTD.,6,"29/10, 29/10/1. 29/10/2, D- II Block, Behind KSB Pumps, M I D C Chinchwad, MIDC, Pimpri Colony, Pune, Maharashtra ",13,327,Pune,110,411019,Maithili,pune@gmail.com,,,1111111111,1
 Elektronika Sales Pvt Ltd,6,"302,Futuready Trade Tower, Morewadi Road,Pimpri Pune",13,327,Pune,110,411018,Maithili,pune@gmail.com,,,1111111111,1
Zeus Numerix,6,"305/306, 3rd Floor, Pushpak Business Hub, Karpe Nagar Bhumkar Chowk, Wakad, Pimpri-Chinchwad, Maharashtra",13,327,Pune,110,411057,Maithili,pune@gmail.com,,,1111111111,1
ULTRA FINE CHEM & INST,6,"31, 6, Old Mumbai - Pune Hwy, Morewadi, Pimpri Colony, Pimpri-Chinchwad, Maharashtra",13,327,Pune,110,411018,Maithili,pune@gmail.com,,,1111111111,1
SICK INDIA PVT. LTD.,6,"315, Wakad Rd, Kaspate Wasti, Wakad, Pimpri-Chinchwad, Maharashtra ",13,327,Pune,110,411057,Maithili,pune@gmail.com,,,1111111111,1
ELGI EQUIPMENTS LIMITED ,6,"388-A/2240, White House, Mumbai Pune Road Dapodi, Pune, Maharashtra, India",13,327,Pune,110,411012,Maithili,pune@gmail.com,,,1111111111,1
BITS,6,"3rd Floor, MSR Capital, Samrat Chowk, Morwadi, Pimpri, Pune, Maharashtra",13,327,Pune,110,411018,Maithili,pune@gmail.com,,,1111111111,1
Ellsworth Adhesives India,6,"3rd Floor, MSR Capital, Samrat Chowk, Morwadi, Pimpri, Pune, Maharashtra ",13,327,Pune,110,411018,Maithili,pune@gmail.com,,,1111111111,1
Everit Express Freight Private Limited,6,"3rd Floor, MSR Capital, Samrat Chowk, Morwadi, Pimpri, Pune, Maharashtra ",13,327,Pune,110,411018,Maithili,pune@gmail.com,,,1111111111,1
Mechcon Industrial Solutions,6,"404, 4th Floor, MSR Capital, Samrat Chowk, Morwadi, Pimpri, Pune, Maharashtra ",13,327,Pune,110,411018,Maithili,pune@gmail.com,,,1111111111,1
Edelweiss Life Tokio,6,"405, 4th Floor, MSR Capital, Samrat Chowk, Morwadi, Pimpri, Pune, Maharashtra",13,327,Pune,110,411018,Maithili,pune@gmail.com,,,1111111111,1
TATA MOTORS LTD,6,"411018, Block F-2, Pimpri Colony, Pimpri-Chinchwad, Maharashtra",13,327,Pune,110,411018,Maithili,pune@gmail.com,,,1111111111,1
Eaton Industries Ltd,6,"4th & 6th Floor, Om Chambers, T-29/31, Near Sharayu Toyota Show Room, Bhosari MIDC, Bhosari, Pimpri-Chinchwad, Pune, Maharashtra",13,327,Pune,110,411026,Maithili,pune@gmail.com,,,1111111111,1
CHEP INDIA PVT. LTD.,6,"4th Floor, R.B. Business Center, Sanghavi Kesari Rd, Sindh Society, Ward No. 8, Aundh, Pune, Maharashtra ",13,327,Pune,110,411007,Maithili,pune@gmail.com,,,1111111111,1
Rama Equetor,6,"501, Rama Equator, Morewadi, Chowk, Pimpri-Chinchwad, Maharashtra ",13,327,Pune,110,411018,Maithili,pune@gmail.com,,,1111111111,1
EXIDE INDUSTRIES LIMITED,6,"54, 14, MIDC, Chinchwad, Pimpri-Chinchwad, Maharashtra ",13,327,Pune,110,411019,Maithili,pune@gmail.com,,,1111111111,1
Star Engineers,6,"54/1&2, D-II Block, MIDC, Chinchwad, Pimpri-Chinchwad, Maharashtra",13,327,Pune,110,411019,Maithili,pune@gmail.com,,,1111111111,1
Zavenir Dubert,6,"57th KM Stone, Delhi - Jaipur Expy, Binola, Haryana ",13,327,Pune,110,122413,Maithili,pune@gmail.com,,,1111111111,1
Taikisha Engineering India Pvt Ltd,6,"74, General Block, MIDC, Bhosari, Pimpri-Chinchwad, Maharashtra ",13,327,Pune,110,411026,Maithili,pune@gmail.com,,,1111111111,1
Makino India Private Limited,6,"77, Telco Rd, BG Block, MIDC, Bhosari, Pimpri-Chinchwad, Maharashtra",13,327,Pune,110,411026,Maithili,pune@gmail.com,,,1111111111,1
SHREE CHANAKYA EDUCATION SOCIETY,6,"85/5-B, Samanvay IT Campus, New Pune, Mumbai Highway, Tathawade, Pune, Maharashtra ",13,327,Pune,110,411033,Maithili,pune@gmail.com,,,1111111111,1
Ador Powertron Limited,6,"Ador Warrior City Campus, Plot No. 51, D-II Block, Ramnagar, MIDC, Chinchwad, Pune, Maharashtra ",13,327,Pune,110,411019,Maithili,pune@gmail.com,,,1111111111,1
SHRIRAM PISTONS  RINGS LTD,6,"Ashok Nagar Rd, Newale Wasti, Tathawade, Pimpri-Chinchwad, Maharashtra",13,327,Pune,110,411033,Maithili,pune@gmail.com,,,1111111111,1
Pratap Tex-Chem Pvt. Ltd,6,"At Post, Gate No.1163/1 (Old 1490), Mulkhed Road, Taluka, Ghotawade, Mulshi, Maharashtra",13,327,Pune,110,412111,Maithili,pune@gmail.com,,,1111111111,1
Maxroof,6,"B-414, 4th Floor, Pride Purple Square, Kalewadi Phata, Kaspate Wasti, Wakad, Maharashtra ",13,327,Pune,110,411057,Maithili,pune@gmail.com,,,1111111111,1
ESA Pyronics International,6,"Balaji Nagar, MIDC, Bhosari, Pimpri-Chinchwad, Maharashtra ",13,327,Pune,110,411026,Maithili,pune@gmail.com,,,1111111111,1
FAURECIA AUTOMOTIVE SEATING IN(Interior),6,"BG Block, Pimpri-Chinchwad Industrial Area,, Plot T 187, Pimpri Chinchwad Rd, Bhosari, Pune, Maharashtra ",13,327,Pune,110,411026,Maithili,pune@gmail.com,,,1111111111,1
T-3 Energy Services India Pvt Ltd/NOV MFG India Private Limited,6,"Block, 65, D-II, 1, Telco Rd, MIDC, Pimpri-Chinchwad, Maharashtra",13,327,Pune,110,411019,Maithili,pune@gmail.com,,,1111111111,1
M3BI,6,"C-307, Teerth Technospace, Unit#, 103, Off Mumbai, Pune Banglore Highway Pashan Exit, Baner, Pune, Maharashtra ",13,327,Pune,110,411045,Maithili,pune@gmail.com,,,1111111111,1
SKF India Pvt Ltd,6,"Chinchwad, near Chapekar Chowk, Pune, Maharashtra",13,327,Pune,110,411033,Maithili,pune@gmail.com,,,1111111111,1
SKF Technology Pvt Ltd,6,"Chinchwad, near Chapekar Chowk, Pune, Maharashtra ",13,327,Pune,110,411033,Maithili,pune@gmail.com,,,1111111111,1
FINOLEX INDUSTRIES LIMITED,6,"D1, 10, MIDC, Pimpri Colony, Pimpri-Chinchwad, Maharashtra ",13,327,Pune,110,411019,Maithili,pune@gmail.com,,,1111111111,1
INDIRA GROUP OF INSTITUTES,6,"Dhruv, New, Old Mumbai Rd, Tathawade, Pune, Maharashtra ",13,327,Pune,110,411033,Maithili,pune@gmail.com,,,1111111111,1
KSB Pumps India,6,"D-II, MIDC, Chinchwad, Pimpri-Chinchwad, Maharashtra ",13,327,Pune,110,411019,Maithili,pune@gmail.com,,,1111111111,1
D Y Patil College of Biotechnology and Bioinformatics,6,"Dr. D. Y. Patil Biotechnology and Bioinformatics Institute Sr. No. 87-88, Mumbai- Bangalore Highway, Tathawade, Pune, Maharashtra",13,327,Pune,110,411033,Maithili,pune@gmail.com,,,1111111111,1
DR. D.Y. PATIL COLLEGE OF EDUCATION,6,"Dr. D. Y. Patil Dental College & Hospital, Sant Tukaram Nagar, Pimpri, Pune, Maharashtra",13,327,Pune,110,411018,Maithili,pune@gmail.com,,,1111111111,1
DR.D.Y. PATIL DENTAL COLLEGE & HOSPITAL,6,"Dr. D. Y. Patil Dental College & Hospital, Sant Tukaram Nagar, Pimpri, Pune, Maharashtra ",13,327,Pune,110,411018,Maithili,pune@gmail.com,,,1111111111,1
Schmalz India Pvt ltd,6,"EL 38, J Block, MIDC, Bhosari, Pune, Maharashtra",13,327,Pune,110,400026,Maithili,pune@gmail.com,,,1111111111,1
Oerlikon Balzers,6,"EL-22, J Block, MIDC, Bhosari, Pune, Maharashtra ",13,327,Pune,110,411026,Maithili,pune@gmail.com,,,1111111111,1
PHILIPS ELECTRONICS INDIA LTD,6,"ICC DEVI GAURAV TECH PARK, MIDC, Pimpri-Chinchwad",13,327,Pune,110,411018,Maithili,pune@gmail.com,,,1111111111,1
IGM RoboticsSystems India Pvt Ltd,6,"igm Roboticsystems India Pvt. Ltd., Block X-17, MIDC Bhosari Industrial Estate, India, Pune, Maharashtra ",13,327,Pune,110,411026,Maithili,pune@gmail.com,,,1111111111,1
Finepac Structures,6,"J - 25, S Block, Indrayani Nagar Rd, MIDC, Bhosari, Pune, Maharashtra ",13,327,Pune,110,411026,Maithili,pune@gmail.com,,,1111111111,1
Western Heat & Forge Pvt Ltd,6,"J 2 S BLOCK, Telco Rd, MIDC, Bhosari, Pune, Maharashtra ",13,327,Pune,110,411026,Maithili,pune@gmail.com,,,1111111111,1
RICH GRAVISS PRODUCTS PVT. LTD,6,"J-177 Industrial Area, MIDC, Bhosari, Pune, Maharashtra ",13,327,Pune,110,411026,Maithili,pune@gmail.com,,,1111111111,1
BLOOM COMBUSTION (INDIA) PVT. LTD.,6,"J-344, near Quality Circle, MIDC, Bhosari, Pune, Maharashtra ",13,327,Pune,110,411026,Maithili,pune@gmail.com,,,1111111111,1
YANFENG INDIA AUTOMOTIVE INTERIOR SYSTEMS PVT. LTD.,6,"JR77+XHV, MIDC, Pimpri Colony, Pimpri-Chinchwad, Maharashtra ",13,327,Pune,110,411018,Maithili,pune@gmail.com,,,1111111111,1
THYSSENKRUPP INDUSTRIES INDIA,6,"JRF3+8R8, MIDC, Pimpri Colony, Pimpri-Chinchwad, Maharashtra ",13,327,Pune,110,411018,Maithili,pune@gmail.com,,,1111111111,1
Fl Smidth,6,"JRJH+XP5, MIDC, Bhosari, Pimpri-Chinchwad, Maharashtra",13,327,Pune,110,411026,Maithili,pune@gmail.com,,,1111111111,1
Ace Micromatic,6,"JRW2+J5M, MIDC, Chinchwad, Pimpri-Chinchwad, Maharashtra ",13,327,Pune,110,411019,Maithili,pune@gmail.com,,,1111111111,1
JSPM Rajarshi shahu college of engineering,6,"JSPM Rajarshi shahu college of engineering , Tathawade, Service Rd, Ashok Nagar, Tathawade, Pimpri-Chinchwad, Maharashtra ",13,327,Pune,110,411033,Maithili,pune@gmail.com,,,1111111111,1
KINETIC ENGINEERING LTD,6,"Kinetic Industry, D-1 Block, Plot 18/2, MIDC, Chinchwad, Pune, Maharashtra ",13,327,Pune,110,411019,Maithili,pune@gmail.com,,,1111111111,1
HONDA 2 WHEELERS,6,"Lotus Plus Building, Flat No B 26, Society, Dattawadi Rd, Akurdi Gaothan, Vivek Nagar, Akurdi, Pimpri-Chinchwad, Maharashtra",13,327,Pune,110,411035,Maithili,pune@gmail.com,,,1111111111,1
HONDA CARS INDIA LIMITED,6,"Lotus Plus Building, Flat No B 26, Society, Dattawadi Rd, Akurdi Gaothan, Vivek Nagar, Akurdi, Pimpri-Chinchwad, Maharashtra ",13,327,Pune,110,411035,Maithili,pune@gmail.com,,,1111111111,1
HONDA MOTORCYCLE & SCOOTER INDIA PVT LTD,6,"Lotus Plus Building, Flat No B 26, Society, Dattawadi Rd, Akurdi Gaothan, Vivek Nagar, Akurdi, Pimpri-Chinchwad, Maharashtra ",13,327,Pune,110,411035,Maithili,pune@gmail.com,,,1111111111,1
VISTEON TECHNICAL & SERVICES CENTER PVT LTD,6,"MIDC Pimpri, Service Rd, Pimpri Colony, Pimpri-Chinchwad, Maharashtra ",13,327,Pune,110,411018,Maithili,pune@gmail.com,,,1111111111,1
Indimet Pvt Ltd,6,"MIDC, Chinchwad, Pimpri-Chinchwad, Maharashtra ",13,327,Pune,110,411019,Maithili,pune@gmail.com,,,1111111111,1
TM Automotive Seating Systems Private Limited,6,"MIDC, Chinchwad, Pimpri-Chinchwad, Maharashtra ",13,327,Pune,110,411019,Maithili,pune@gmail.com,,,1111111111,1
JOHNSONS CONTROLS LTD,6,"MIDC, Pimpri Colony, Pimpri-Chinchwad, Maharashtra",13,327,Pune,110,411018,Maithili,pune@gmail.com,,,1111111111,1
Arm Welders Pvt. Ltd.,6,"MIDC, T Block Plot No.135 Bhosari, MIDC, Bhosari, Pimpri-Chinchwad, Maharashtra",13,327,Pune,110,411026,Maithili,pune@gmail.com,,,1111111111,1
Alfa Boliers Pvt Ltd,6,"MSR Capital, Office No. 305, 3rd Floor,, Morwadi Court Road, Pimpri,, Pune, Maharashtra",13,327,Pune,110,411018,Maithili,pune@gmail.com,,,1111111111,1
Kingsberg Automotive,6,"MSR Capital, Office No. 305, 3rd Floor,, Morwadi Court Road, Pimpri,, Pune, Maharashtra ",13,327,Pune,110,411018,Maithili,pune@gmail.com,,,1111111111,1
Visstar Logistics,6,"MSR Capital, Office No. 305, 3rd Floor,, Morwadi Court Road, Pimpri,, Pune, Maharashtra",13,327,Pune,110,411018,Maithili,pune@gmail.com,,,1111111111,1
Pimpri Chinchwad Education Trust,6,"near Akurdi Railway Station, Sector No. 26, Pradhikaran, Nigdi, Pune, Maharashtra ",13,327,Pune,110,411044,Maithili,pune@gmail.com,,,1111111111,1
GKN Sinters Metals,6,"No. 146, Mumbai - Pune Road, Kharalwadi, Pimpri Colony, Pimpri-Chinchwad, Maharashtra ",13,327,Pune,110,411018,Maithili,pune@gmail.com,,,1111111111,1
Kristi Seibt India Pvt Ltd,6,"Office No 814, 8th floor, Rama Equator, Morewadi, Chowk, Pimpri-Chinchwad",13,327,Pune,110,411018,Maithili,pune@gmail.com,,,1111111111,1
Meticulous Research,6,"Office No-202, 203,204,205,206; 2nd Floor, Pushpak Business Hub, Pune, Wakad, Pimpri-Chinchwad, Maharashtra ",13,327,Pune,110,411057,Maithili,pune@gmail.com,,,1111111111,1
GREAVES COTTON LTD,6,"Old Mumbai - Pune Highway, Anna Sahib Nagar, Chinchwad, Pimpri-Chinchwad, Maharashtra ",13,327,Pune,110,411019,Maithili,pune@gmail.com,,,1111111111,1
JAYA HIND INDUSTRIES LIMITED,6,"Old Mumbai - Pune Hwy, Akurdi, Pune, Maharashtra ",13,327,Pune,110,411035,Maithili,pune@gmail.com,,,1111111111,1
M/S. FORCE MOTORS LIMITED,6,"Old Mumbai - Pune Hwy, MIDC, Akurdi, Pune, Maharashtra ",13,327,Pune,110,411035,Maithili,pune@gmail.com,,,1111111111,1
WILO MATHER AND PLATT PUMPS PVT LTD,6,"Old Mumbai Pune Highway, opposite Kalbhor Nagar, Pune, Maharashtra",13,327,Pune,110,411019,Maithili,pune@gmail.com,,,1111111111,1
Premium Motion/Transmission,6,"Old Mumbai-Pune Road, Chinchwad, Pune , India",13,327,Pune,110,411019,Maithili,pune@gmail.com,,,1111111111,1
MAHLE ENGINE COMPONENTS INDIA PRIVATE LIMITED,6,"One Elpro park, CTS number 4270, Elpro compound, 411033 Chinchwad, Pune",13,327,Pune,110,411033,Maithili,pune@gmail.com,,,1111111111,1
MAHLE HOLDING (INDIA) PRIVATE LIMITED,6,"One Elpro park, CTS number 4270, Elpro compound, 411033 Chinchwad, Pune",13,327,Pune,110,411033,Maithili,pune@gmail.com,,,1111111111,1
WALTER TOOLS INDIA PVT. LTD,6,"Phase 1, Hinjewadi Rajiv Gandhi Infotech Park, Hinjawadi, Pune, Maharashtra",13,327,Pune,110,,Maithili,pune@gmail.com,,,1111111111,1
3M INDIA LTD.,6,"Pimpri-Chinchwad Link Road, Shridharnagar, Chinchwad, Pimpri-Chinchwad, Pune, Maharashtra",13,327,Pune,110,,Maithili,pune@gmail.com,,,1111111111,1
ACME Process Systems,6,"Plot E6, General Block, MIDC, Bhosari, Pimpri-Chinchwad, Maharashtra",13,327,Pune,110,411026,Maithili,pune@gmail.com,,,1111111111,1
GARWARE WALL ROPES LIMITED.(Garware Technical Fibres Ltd),6,"Plot No 11, Block D1, M.I.D.C Chinchwad, Pune, Maharashtra ",13,327,Pune,110,411019,Maithili,pune@gmail.com,,,1111111111,1
Sharayu Toyota,6,"Plot No 27, Telco Rd, Balaji Nagar, MIDC, Bhosari, Pimpri-Chinchwad, Maharashtra ",13,327,Pune,110,411026,Maithili,pune@gmail.com,,,1111111111,1
Micromatic Machine Tools Pvt Ltd,6,"Plot No 58/59 Block 2, Opp. Spaco Technologies Pvt. Ltd.,, M I D C, Chinchwad, Pune, Maharashtra ",13,327,Pune,110,411019,Maithili,pune@gmail.com,,,1111111111,1
TALBROS AUTOMOTIVE COMPONENTS,6,"Plot No 68, Block F-2, MIDC, Pimpri Colony, Pune, Maharashtra ",13,327,Pune,110,411018,Maithili,pune@gmail.com,,,1111111111,1
Hindustan Pressings Pvt Ltd,6,"Plot No. T-133, General Block, MIDC, Bhosari, Pimpri-Chinchwad, Maharashtra",13,327,Pune,110,411026,Maithili,pune@gmail.com,,,1111111111,1
PHBB Valves Private Limited,6,"Plot No.238-239, Sector-10, S Block, MIDC, PCNTDA, Bhosari, Pimpri-Chinchwad, Maharashtra ",13,327,Pune,110,411026,Maithili,pune@gmail.com,,,1111111111,1
Ross Lifescience,6,"Plot No.96, Sector No.10, PCNTDA, Bhosari, Pimpri-Chinchwad, Maharashtra ",13,327,Pune,110,411026,Maithili,pune@gmail.com,,,1111111111,1
Ultraseal India,6,"Plot No-43/1, D-II Block M I D C, Telco Road, Chinchwad, East, Pune, Maharashtra",13,327,Pune,110,411019,Maithili,pune@gmail.com,,,1111111111,1
SK Travels,6,"Ram Nagar, Baner, Pune, Maharashtra",13,327,Pune,110,411021,Maithili,pune@gmail.com,,,1111111111,1
BioEra Life Sciences Pvt. Ltd,6,"S. No 125, Mumbai-Banglore Highway, Tathawade, Pune, Maharashtra",13,327,Pune,110,411033,Maithili,pune@gmail.com,,,1111111111,1
Softcon Systems Private Limited,6,"S. No. 80/02, Off Mumbai- Bangalore Highway, Tathawade, next to JSPM Campus, Pune, Maharashtra ",13,327,Pune,110,411033,Maithili,pune@gmail.com,,,1111111111,1
Shri Balaji Society,6,"S.No.55/2-7, Tathawade, Off Mumbai-Bangalore, bypass, Pune, Maharashtra ",13,327,Pune,110,411033,Maithili,pune@gmail.com,,,1111111111,1
Cotmac Electronics,6,"S/168 , MIDC, Bhosari, Pune, Maharashtra ",13,327,Pune,110,411026,Maithili,pune@gmail.com,,,1111111111,1
G.B Rubber Products,6,"S-157, Indrayani Nagar Rd, MIDC, Bhosari, Pimpri-Chinchwad, Maharashtra ",13,327,Pune,110,411026,Maithili,pune@gmail.com,,,1111111111,1
SUNFLAG IRON AND STEEL CO LTD,6,"SaiKrupa Bhavan, Office No.65-69, 5th Floor, Opp. KSB Pumps, Kharalwadi, Pimpri, Pune ",13,327,Pune,110,411 018,Maithili,pune@gmail.com,,,1111111111,1
DORMER TOOLS INDIA PRIVATE LIMITED,6,"Sandvik Asia, Seva Nagar, Dapodi, Pimpri-Chinchwad, Maharashtra",13,327,Pune,110,,Maithili,pune@gmail.com,,,1111111111,1
Sandvik Asia Pvt Ltd,6,"Sandvik Asia, Seva Nagar, Dapodi, Pimpri-Chinchwad, Maharashtra",13,327,Pune,110,,Maithili,pune@gmail.com,,,1111111111,1
DR.D Y PATIL ENGINEERING AND TECHNOLOGY INSTITUTE,6,"Sant Tukaram Nagar, Pimpri Colony, Pune, Maharashtra ",13,327,Pune,110,411018,Maithili,pune@gmail.com,,,1111111111,1
D.Y. PATIL INSTITUTE OF MANAGEMENT STUDIES,6,"Sector 29, Near Akurdi Railway Station, Nigdi, Pradhikaran, Akurdi, Pune, Maharashtra ",13,327,Pune,110,411044,Maithili,pune@gmail.com,,,1111111111,1
DY Patil Engineering,6,"Sector 29, Nigdi, Pradhikaran, Pimpri-Chinchwad, near Akurdi Railway Station, Pune, Maharashtra ",13,327,Pune,110,411044,Maithili,pune@gmail.com,,,1111111111,1
BAJAJ AUTO LTD.,6,"Sector No. 21, MIDC, Nigdi, Pimpri-Chinchwad, Maharashtra ",13,327,Pune,110,411035,Maithili,pune@gmail.com,,,1111111111,1
Watson Marlow,6,"Service Rd, Jeevan Nagar, Tathawade, Pimpri-Chinchwad, Maharashtra ",13,327,Pune,110,411033,Maithili,pune@gmail.com,,,1111111111,1
CONTAINER CORPORATION OF INDIA LTD,6,"Shed Premises, Railway Station Gds, Chinchwad, Chinchwad, Pune, Maharashtra ",13,327,Pune,110,411019,Maithili,pune@gmail.com,,,1111111111,1
IFFCO Tokio General Insurance,6,"Shop No,G-35. jai ganesh Samrajya complex.Near pangerpol chowk., Spine Road,Bhosari, Pune, Maharashtra",13,327,Pune,110,411039,Maithili,pune@gmail.com,,,1111111111,1
MITSUBISHI ELECTRIC INDIA PRIVATE LTD,6,"Site. No. 191 to 192, ICC Devi Gaurav Technology Park, Old Mumbai Rd, MIDC, Pimpri Colony, Pune, Maharashtra ",13,327,Pune,110,411018,Maithili,pune@gmail.com,,,1111111111,1
SONY INDIA PVT LTD,6,"Sony India Pvt Ltd, Office no. 201, 2nd Floor, Shree Ganesh imperia Square, S. No. 175/3, Datta Mandir Road, Opposite to Costa Rica society, Wakad, Pune, Maharashtra ",13,327,Pune,110,411057,Maithili,pune@gmail.com,,,1111111111,1
Black Swan Travels,6,"Sun Grace Apartment, C-2,, Anand Park, Aundh, Pune, Maharashtra ",13,327,Pune,110,411007,Maithili,pune@gmail.com,,,1111111111,1
SANGHAVI MOVERS LTD,6,"Survey No 92, Tathawade, Pune, Maharashtra",13,327,Pune,110,411033,Maithili,pune@gmail.com,,,1111111111,1
GEFRAN INDIA PVT. LTD.,6,"Survey No. 191/A/1 Chinchwad Station Road, Chinchwad 411033 Pune, India",13,327,Pune,110,411033,Maithili,pune@gmail.com,,,1111111111,1
BEHR HELLA THERMOCONTROL,6,"Survey No. 4270, Elpro Compound City, Chinchwad Gaon, Chinchwad, near HDFC Bank, Pune, Maharashtra ",13,327,Pune,110,411033,Maithili,pune@gmail.com,,,1111111111,1
EcoZone,6,"Survey No.134/1,134/2,130/3 Pune-Mumbai Bypass, Highway, Tathawade, Pune, Maharashtra ",13,327,Pune,110,411033,Maithili,pune@gmail.com,,,1111111111,1
CHICAGO PNEUMATIC SALES,6,"Sveanagar, Old Mumbai - Pune Hwy, Dapodi, Pune, Maharashtra ",13,327,Pune,110,411012,Maithili,pune@gmail.com,,,1111111111,1
Bauer Kompressor,6,"T -128,, MIDC, Bhosari, Pimpri-Chinchwad Industrial Area, Pune, Maharashtra ",13,327,Pune,110,411026,Maithili,pune@gmail.com,,,1111111111,1
ISGEC,6,"T-29/31, NEAR SHARAYU TOYOTA SHOWAROOM,, OM CHAMBERS, TELCO ROAD, Bhosari Telco Rd, MIDC, Bhosari, Pimpri-Chinchwad, Maharashtra",13,327,Pune,110,411026,Maithili,pune@gmail.com,,,1111111111,1
KTR Couplings India Pvt Ltd,6,"T-36 / 37 / 38, MIDC Bhosari, Pimpri-Chinchwad, Maharashtra ",13,327,Pune,110,411026,Maithili,pune@gmail.com,,,1111111111,1
TRIO Motion Technology India Private Limited,6,"Teerth Business Center, 3rd Floor, Unit No. 7 EL-15 Block, MIDC Rd, Bhosari, Pimpri-Chinchwad, Maharashtra ",13,327,Pune,110,411026,Maithili,pune@gmail.com,,,1111111111,1
Avanika Industries,6,"Teerth Business Center, 4th Floor, Unit No. 7 EL-15 Block, MIDC Rd, Bhosari, Pimpri-Chinchwad, Maharashtra ",13,327,Pune,110,411026,Maithili,pune@gmail.com,,,1111111111,1
1mg Pharma,6,"Teerth Business Center, ground Floor, Unit No. 7 EL-15 Block, MIDC Rd, Bhosari, Pimpri-Chinchwad, Maharashtra ",13,327,Pune,110,411026,Maithili,pune@gmail.com,,,1111111111,1
Nextgen-Pharma,6,"Teerth Business Center, ground Floor, Unit No. 7 EL-15 Block, MIDC Rd, Bhosari, Pimpri-Chinchwad, Maharashtra",13,327,Pune,110,411026,Maithili,pune@gmail.com,,,1111111111,1
SCANTECH INDIA MEASURING EQUIPMENTS PVT. LTD.,6,"Telco Road, Nigdi Bhosari Rd, next to hotel Surbhi, MIDC, Pimpri-Chinchwad, Maharashtra ",13,327,Pune,110,411019,Maithili,pune@gmail.com,,,1111111111,1
Saphalya Group,6,"Thermax Chowk, Sadguru Plaza, Shop no. 1 & 2, Chinchwad, Pune, Maharashtra ",13,327,Pune,110,411019,Maithili,pune@gmail.com,,,1111111111,1
Griffyn robotics,6,"Unit No. 4, Ground Floor, Shewale Center– B, Survey No. CTS4691, MIDC, Pimpri Colony, Pimpri-Chinchwad, Maharashtra",13,327,Pune,110,411019,Maithili,pune@gmail.com,,,1111111111,1
Knest Aluform,6,"Unit number 802, Om Chambers, T. 29/31 Bhosari Industrial Estate, Telco Rd, next to Toyota Showroom, Bhosari, Pune, Maharashtra ",13,327,Pune,110,411026,Maithili,pune@gmail.com,,,1111111111,1
IFB Industries Limited,6,"Vasant Electronics, Jay Maharashtra Chowk, Bhosari Alandi Rd, Bhosari, Pune, Maharashtra",13,327,Pune,110,411039,Maithili,pune@gmail.com,,,1111111111,1
ADITYA BIRLA MEMORIAL HOSPITAL,6,"Aditya Birla Hospital Marg, Thergaon, Pimpri-Chinchwad, Maharashtra ",13,327,Pune,110,411033,Maithili,pune@gmail.com,,,1111111111,1
CARL BECHEM LUBRICANTS (I) PVT. LTD.,6,"#28 D, Bidadi Harohalli, Main Rd, Bengaluru, Karnataka ",13,327,Pune,110,562109,Maithili,pune@gmail.com,,,1111111111,1
JAGUAR LAND ROVER,6,"Near Prassana Goldfields mall Colony, Sector 15, MIDC, Pimpri Colony, Pimpri-Chinchwad, Maharashtra ",13,327,Pune,110,411018,Maithili,pune@gmail.com,,,1111111111,1
CNH INDUSTRIAL (INDIA) PVT. LTD.,6," A-1/1,CHAKAN INDUSTRIAL AREA, PHASE-II,VILL.SHINDE,TAL.KHED, MAHARASHTRA, INDIA.",14,327,Pune,110,,RAKESH,pune@gmail.com,,,1111111111,1
Mondelez India Foods Private Limited,6," Induri, Pune, Maharashtra ",14,327,Pune,110,410507,RAKESH,pune@gmail.com,,,1111111111,1
TETRA PAK INDIA PVT. LTD.,6," Plot No 53, MIDC Chakan Phase 2 Village Vasuli, Taluk Khed, Chakan, Maharashtra ",14,327,Pune,110,410501,RAKESH,pune@gmail.com,,,1111111111,1
ROADWAY SOLUTION INDIA INFRA LIMITED,6,"20, Dhanji Bhoy and Sanas Society Opposite Clover Hills plaza, NIBM Rd, Pune, Maharashtra ",14,327,Pune,110,411048,RAKESH,pune@gmail.com,,,1111111111,1
ASAHI INDIA GLASS LTD,6,"202/6, Moi Rd, Kurali, Maharashtra ",14,327,Pune,110,412105,RAKESH,pune@gmail.com,,,1111111111,1
MAGNETI MARELLI SHOCK ABSORBERS (INDIA) PRIVATE LIMITED.,6,"23, MIDC Chakan Indl Area Nighoje Village, Rajgurunagar Pune",14,327,Pune,110,,RAKESH,pune@gmail.com,,,1111111111,1
MAGNETI MARELLI TALBROS CHASSIS SYSTEM PRIVATE LIMITED,6,"23, MIDC INDUSTRIAL AREA, VILLAGAE NIGHOJE TALUKA - RAJGURUNAGAR CHAKAN MH ..",14,327,Pune,110,,RAKESH,pune@gmail.com,,,1111111111,1
ANAND AUTOMOTIVE PVT. LTD.,6,"29 Milestone, Pune Nasik Highway, Village: Kuruli, Taluka : Khed, Chakan, Pune , India",14,327,Pune,110,410501,RAKESH,pune@gmail.com,,,1111111111,1
SPICER INDIA LTD,6,"29 Milestone, Tal Khed, Village, Nashik - Pune Hwy, Kurali, Maharashtra ",14,327,Pune,110,410501,RAKESH,pune@gmail.com,,,1111111111,1
GABRIEL INDIA LIMITED.,6,"29, Milestone Village Kuruli, Nashik - Pune Hwy, Khed taluka, Maharashtra",14,327,Pune,110,410501,RAKESH,pune@gmail.com,,,1111111111,1
FUJITSU CONSULTING INDIA PVT. LTD.,6,"A-15, Talawade Chakan Rd, M I D C Technology Park, Talwade, Pimpri-Chinchwad, Maharashtra",14,327,Pune,110,412114,RAKESH,pune@gmail.com,,,1111111111,1
BENTELER AUTOMOTIVE INDIA.PVT.LTD.,6,"A-3, PHASE II CHAKAN MIDC AREA, KHALUMBRE, KHED TALUKA PUNE MH ",14,327,Pune,110,410501,RAKESH,pune@gmail.com,,,1111111111,1
YAPP INDIA AUTOMOTIVE SYSTEMS PVT. LTD.,6,"A3/A MIDC Chakan Phase II, Khed, Khalumbre, Maharashtra",14,327,Pune,110,410501,RAKESH,pune@gmail.com,,,1111111111,1
AMPCO METAL INDIA PVT LTD.,6,"A-8/4, AT VILLAGE - NIGHOJE, CHAKAN MIDC, PHASE - IV, OPPOSITE MAHINDRA VEHICLE TALUKA ",14,327,Pune,110,,RAKESH,pune@gmail.com,,,1111111111,1
CORNING TECHNOLOGIES INDIA PVT LTD.,6,"Ambethan-Bordara-Chakan Rd, Koregaon Kh., Maharashtra ",14,327,Pune,110,410501,RAKESH,pune@gmail.com,,,1111111111,1
SIAC SKH INDIA CABS MANUFACTUR PVT LTD,6,"at No -448/3 , VPO - Nighoje , In Front Of Mahindra & Mahindra Gate No 8 A , Ta - Khed ",14,327,Pune,110,,RAKESH,pune@gmail.com,,,1111111111,1
Magneti Marelli Powertrain India Private Limited,6,"B- 23, MIDC INDUSTRIAL AREA, VILLAGAE NIGHOJE TALUKA -",14,327,Pune,110,,RAKESH,pune@gmail.com,,,1111111111,1
MAGNETI MARELLI UM ELECTRONIC,6,"B- 23, MIDC INDUSTRIAL AREA, VILLAGAE NIGHOJE,TALUKA - RAJGURUNAGAR,Chakan,Maharashtra,INDIA,410501",14,327,Pune,110,410501,RAKESH,pune@gmail.com,,,1111111111,1
MINDA INDUSTRIES LTD. - LIGHTING DIVISION,6,"B-1/5, Chakan Industrial Area , Nighoje, Chakan, Mahalunge Ingale, Maharashtra ",14,327,Pune,110,410501,RAKESH,pune@gmail.com,,,1111111111,1
LUCAS-TVS LTD,6,"B1-1, Chakan, Pune (Near Midc Industrial Area Village Nicoghe, Taluka Khed).",14,327,Pune,110,410501,RAKESH,pune@gmail.com,,,1111111111,1
ZF INDIA PRIVATE LIMITED,6,"B-38, MIDC - Chakan Industrial Area, Phase II, Vasuli, Khed taluka, Maharashtra",14,327,Pune,110,410501,RAKESH,pune@gmail.com,,,1111111111,1
MASTER FLUID SOLUTIONS (INDIA) PVT LTD,6,"B-41, Chakan MIDC, PH-2, Vill- Bhambuli, Tal- Khed, Rd, Bhamboli, Maharashtra ",14,327,Pune,110,410501,RAKESH,pune@gmail.com,,,1111111111,1
BAJAJ ELECTRICALS LIMITED,6,"Bajaj Electricals Limited, Talegaon-Chakan Rd, Mahalunge Ingale, Maharashtra",14,327,Pune,110,410501,RAKESH,pune@gmail.com,,,1111111111,1
Neel Auto Pvt. Ltd.,6,"C/O Jbm Group, Plot No.C 1/1, Talegaon Road, Chakan, Pune  (Chakan Industrial Area ,Village Mahalunge ,Near HP Gas,MIDC",14,327,Pune,110,410501,RAKESH,pune@gmail.com,,,1111111111,1
BLACK & VEATCH PVT.LTD.,6,"Commerzone IT park Building, 6th Floor, Samrat Ashok Path, Yerawada, Pune, Maharashtra ",14,327,Pune,110,411006,RAKESH,pune@gmail.com,,,1111111111,1
HORIBA INDIA PVT LTD,6,"D-225,Chakan MIDC Phase-II, Bhamboli Village, Pune India",14,327,Pune,110,410501,RAKESH,pune@gmail.com,,,1111111111,1
MINDA CORPORATION LIMITED,6,"E 5/2, CHAKAN INDUSTRIAL AREA, PHASE |||, MIDC, NANEKARWDI, PUNE, Khed taluka, Maharashtra ",14,327,Pune,110,410501,RAKESH,pune@gmail.com,,,1111111111,1
SKODA INDIA PVT LTD,6,"E1, MIDC Industrial Area (Phase III Village Nigoje Mhalunge Kharabwadi, Tal:, Khed, Chakan, Maharashtra ",14,327,Pune,110,410501,RAKESH,pune@gmail.com,,,1111111111,1
MINDA CORPORATION LIMITED - SMIT,6,"E-5/2, Chakan Industrial Area, Phase - III, M.I.D.C, Nanekarwadi, Tal - Khed, Pune, Maharashtra ",14,327,Pune,110,410501,RAKESH,pune@gmail.com,,,1111111111,1
VARROC ENGINEERING PVT. LTD.,6,"Engg. Private Limited, Pune Plant Iii, Chakan, Pune-410501. is an electrical/electronic manufacturing company based out of 420/2202, ",14,327,Pune,110,410501,RAKESH,pune@gmail.com,,,1111111111,1
Mahindra CIE Automotive Ltd.,6,"Gat 856-860, Chakan - Ambethan Rd, Khed taluka, Maharashtra",14,327,Pune,110,410501,RAKESH,pune@gmail.com,,,1111111111,1
MAGNETI MARELLI INDIA PRIVATE LIMITED,6,"Gat No 148/150, Chakan, Pune (Near Dwarka School Village Ambethan Taluka Khed)",14,327,Pune,110,410501,RAKESH,pune@gmail.com,,,1111111111,1
AMCOR FLEXIBLES INDIA PRIVATE LIMITED,6,"Gat No. 222/152 A , Chakan Talegaon Road, Mahalunge, Khed, Chakan, Maharashtra ",14,327,Pune,110,410501,RAKESH,pune@gmail.com,,,1111111111,1
AMCOR FLEXIBLES PLASTICS INDIA PVT LTD.,6,"Gat No. 222/152 A , Chakan Talegaon Road, Mahalunge, Khed, Chakan, Maharashtra ",14,327,Pune,110,410501,RAKESH,pune@gmail.com,,,1111111111,1
IMPERIAL AUTO INDUSTRIES LTD.,6,"gat no. 227, nanekarwadi, chakan pune 410501 ,pune  , maharashtra - INDIA",14,327,Pune,110,410501,RAKESH,pune@gmail.com,,,1111111111,1
A RAYMOND FASTENERS INDIA PVT. LTD.,6,"Gat No. 259, 276/8B, Nighoje-, Taluka-Khed,, Maharashtra",14,327,Pune,110,410501,RAKESH,pune@gmail.com,,,1111111111,1
LUMAX ANCILLARY LTD.,6,"Gat No. 261/7 Somwanshi Industries Opp. K-Air Company Kharabwadi Chakan, Talkhed, Pune, Maharashtra ",14,327,Pune,110,410501,RAKESH,pune@gmail.com,,,1111111111,1
MINDA STONERIDGE INSTRUMENTS LTD.,6,"Gat No. 287, 291 – 295, 298, 285/1, 286/1, Nanekarwadi, Chakan, Tal. Khed, Pune, Maharashtra, India.",14,327,Pune,110,410501,RAKESH,pune@gmail.com,,,1111111111,1
HUF INDIA PVT LTD,6,"Gat No. 304, Tal. Khed, Nanekarwadi, Maharashtra",14,327,Pune,110,410501,RAKESH,pune@gmail.com,,,1111111111,1
BOSCH LTD,6,"Gat no. 306, Village Nanekarwadi, Chakan, Maharashtra ",14,327,Pune,110,410501,RAKESH,pune@gmail.com,,,1111111111,1
POTAIN INDIA PVT LTD,6,"Gat No.244/2,256 and 257, Talegaon Chakan Road, Vil. Khalumbre, Tal.Khed , India. Direction. Phone 1: (+91) 2135-646700.",14,327,Pune,110,410501,RAKESH,pune@gmail.com,,,1111111111,1
ADVIK HI TECH PVT LTD,6,"Gat No.357/99, Chakan-Talegaon Road, Kharabwadi, Tal-Khed, Chakan, Pune, India.",14,327,Pune,110,410501,RAKESH,pune@gmail.com,,,1111111111,1
SGS INDIA PRIVATE LIMITED,6,"Gat No.624/2, Kuruli, Taluka Khed, District Pune, Chakan, Pune  (Near Tata Motors - Excel Auto Show Room, Opposite to NTB International, ...",14,327,Pune,110,410501,RAKESH,pune@gmail.com,,,1111111111,1
MAGNETI MARELLI MOTHERSON AUTO SYSTEM LIMITED,6,"Gat Nr. 151-152, Village Ambethan Taluka Khed, near Dwarka School, Pune, Maharashtra ",14,327,Pune,110,410501,RAKESH,pune@gmail.com,,,1111111111,1
LUMAX AUTO TECHNOLOGIES LIMITED,6,"Gat. No 156/1, Mahalunge Ingale, Talegaon-Chakan Rd, Chakan, Maharashtra",14,327,Pune,110,,RAKESH,pune@gmail.com,,,1111111111,1
Motherson Automotive Technologies & Engineering,6,"Gate no 150, Village Ambethan, Taluka-Khed, Pune, Maharashtra",14,327,Pune,110,410501,RAKESH,pune@gmail.com,,,1111111111,1
VE COMMERCIAL VEHICLES LTD.,6,"Gate No, 148/1A Near Rinder Company Taluka Khed, Dist Talegaon, Talegaon-Chakan Rd, Mahalunge, Maharashtra ",14,327,Pune,110,410501,RAKESH,pune@gmail.com,,,1111111111,1
Sigma Electrical Mfg. Corp. Pvt. Ltd.,6,"Gate No. 154/1, Mahalunge Village, Post Chakan Pune Pune Pune MH ",14,327,Pune,110,410501,RAKESH,pune@gmail.com,,,1111111111,1
Raychem RPG (P) Ltd,6,"Gate No. 426/2B, Chakan - Talegaon Road, Mahalunge Village, Taluka Khed, Pune District, Mahalunge Ingale, Maharashtra",14,327,Pune,110,410501,RAKESH,pune@gmail.com,,,1111111111,1
Rehau Polymers Pvt. Ltd,6,"Kurali, Maharashtra ",14,327,Pune,110,412105,RAKESH,pune@gmail.com,,,1111111111,1
TIMKEN,6,"Lalwani House, 2nd Floor, S No. 232, Plot no.79, Sakorenagar, Vimananagar, Pune, Maharashtra ",14,327,Pune,110,411014,RAKESH,pune@gmail.com,,,1111111111,1
ATOS ORIGIN INDIA PVT LIMITED,6,"M I D C Technology Park, Talwade, Pimpri-Chinchwad, Maharashtra,",14,327,Pune,110,,RAKESH,pune@gmail.com,,,1111111111,1
HARMAN INTERNATIONAL INDIA PVT. LTD.,6,"Mahalunge Ingale, Maharashtra, India, Pune.",14,327,Pune,110, 410501,RAKESH,pune@gmail.com,,,1111111111,1
Reliable Autotech Pvt. Ltd,6,"Near Mahadevi Mandir Opp. Janaseva Sahakari Bank Kharabwadi, Talegaon-Chakan Rd, Khed taluka, Maharashtra",14,327,Pune,110, 410501,RAKESH,pune@gmail.com,,,1111111111,1
TOYOTA MATERIAL HANDLING INDIA PRIVATE LIMITED,6,"Nighoje, Maharashtra ",14,327,Pune,110, 410501,RAKESH,pune@gmail.com,,,1111111111,1
COGEME PRECISION PARTS  INDIA,6,"No 13, Talegaon-Chakan Rd, Talkhed, Anand Nagar, Manohar Nagar, Mahalunge, Maharashtra ",14,327,Pune,110, 410501,RAKESH,pune@gmail.com,,,1111111111,1
BRIDGESTONE INDIA PVT. LTD.,6,"Plot No A 43, Chakan, Pune - 410501 (Near Village Sawardari, Phase II MIDC, Taluka Khed).",14,327,Pune,110, 410501,RAKESH,pune@gmail.com,,,1111111111,1
MAHINDRA VEHICLES MANUFACTURES LTD.,6,"Plot No A1, Phase IV, Chakan MIDC, Taluka-Khed, Maharashtra",14,327,Pune,110,,RAKESH,pune@gmail.com,,,1111111111,1
TRISTONE FLOWTECH INDIA PVT LTD,6,"Plot No A8 / 1, 2, 3, Phase IV, Chakan, Pune  (Village Nigojhe, Taluka Khed, Midc Chakan)",14,327,Pune,110, 410501,RAKESH,pune@gmail.com,,,1111111111,1
BONFIGLIOLI TRANSMISSIONS P LTD,6,"Plot No A-9/5, Phase IV, Chakan MIDC, Nighoje, Maharashtra ",14,327,Pune,110, 410501,RAKESH,pune@gmail.com,,,1111111111,1
HEMA DRIVELINE AND HYDRAULICS PVT LTD,6,"PLOT NO PAP V-103/5 MIDC Phase II Chakan Industrial area,VillageWasuli Pune ",14,327,Pune,110,,RAKESH,pune@gmail.com,,,1111111111,1
LUMAX INDUSTRIES LIMITED,6,"Plot No. 608, Talegaon-Chakan Rd, Mahalunge, Maharashtra ",14,327,Pune,110,410501,RAKESH,pune@gmail.com,,,1111111111,1
PORITE INDIA PRIVATE LIMITED,6,"Plot No. A-1/2/1 & A-1/2/2, MIDC Chakan, Phase II, Shinde, Maharashtra ",14,327,Pune,110,410501,RAKESH,pune@gmail.com,,,1111111111,1
Hyundai Construction Equipment India Pvt. Ltd.,6,"Plot No. A-2, M. I. D. C. Chakan, Phase 2 Village: Khalumbre, Taluka:, Khed taluka, Maharashtra ,Chakan",14,327,Pune,110,,RAKESH,pune@gmail.com,,,1111111111,1
SIDEL INDIA PVT LTD,6,"Plot No. B -19, MIDC, Chakan Industrial Area Mahalunge Village, Khed taluka, Maharashtra",14,327,Pune,110,410501,RAKESH,pune@gmail.com,,,1111111111,1
ENDURANCE TECHNOLOGIES LTD (CN),6,"Plot No. B-20, MIDC Area, Chakan Taluka Khed, Nighoje, Maharashtra ",14,327,Pune,110,410501,RAKESH,pune@gmail.com,,,1111111111,1
MINDA INDUSTRIES LTD.,6,"Plot No. D 225/1, D 226, D 227, MIDC Chakan Area, Phase II, Village Bhamboli, Tal Khed ",14,327,Pune,110,410501,RAKESH,pune@gmail.com,,,1111111111,1
BELDEN INDIA PRIVATE LIMITED,6,"Plot No. D-228/1. Chakan MIDC Phase II Village Bhamboli, Taluka Khed District Pune, Maharashtra",14,327,Pune,110,,RAKESH,pune@gmail.com,,,1111111111,1
SANY HEAVY INDUSTRY INDIA PVT,6,"Plot No. E4, Chakan Industrial Area, Phase 3, Kuruli, Pune, Maharashtra, India.",14,327,Pune,110,410501,RAKESH,pune@gmail.com,,,1111111111,1
MINDARIKA PRIVATE LIMITED,6,"Pvt Ltd Gat No 143/1, Chakan Talegaon Road, Village Mahalunge, Chakan,  Pune. ",14,327,Pune,110,410501,RAKESH,pune@gmail.com,,,1111111111,1
AUTOLINE INDUSTRIES LTD.,6,"S.No.313,314,320 to 323, Nanekarwadi, Khed taluka, Maharashtra ",14,327,Pune,110,410501,RAKESH,pune@gmail.com,,,1111111111,1
SINTER PACK,6,"SPECIALITY SINTERED PRODUCTS PVT. LTD. 409/1, Chakan Talegaon Road, Chakan, Pune ,Maharashtra, India. Tel.: 02135-278800",14,327,Pune,110,410501,RAKESH,pune@gmail.com,,,1111111111,1
HINDUSTAN PETROLEUM CORPORATION LTD. (CHAKAN),6,"Talegaon-Chakan Rd, Mahalunge Ingale, Maharashtra ",14,327,Pune,110,410501,RAKESH,pune@gmail.com,,,1111111111,1
BADVE ENGINEERING LTD.,6,"Unit 2 A 3, Chakan Talegaon Road, Chakan, Pune (MIDC Village Mahalunge). Copy Address. Badve Autocomps Pvt Ltd ",14,327,Pune,110,410501,RAKESH,pune@gmail.com,,,1111111111,1
SOGEFI-MNR ENGINE SYSTEMS INDIA PVT. LTD.,6,"UNIT-3, Gat No.108, Plot no.10, Ambethan, Taluka Khed, Chakan., PUNE, Maharashtra ",14,327,Pune,110,410501,RAKESH,pune@gmail.com,,,1111111111,1
