 ABB India Pvt Ltd / Shree Venkatesh electrical,6,"Sangavi Keshri Road, Ward No. 8, NCL Colony, Aundh, Pune, Maharashtra ",48,327,Pune,110,411007,Vasim Shayannavar,kolhapur@gmail.com,,,1111111111,1
 amogh Enterprises,6,"SP Residency Fursungi, Saswad Rd, Pune, Maharashtra ",49,327,Pune,110,412308,Rahul Malekar,kolhapur@gmail.com,,,1111111111,1
 Cadila Pharmaceuticals Limited,6,Ahmedabad,48,319,Ahmedabad,110,,Vasim Shayannavar,kolhapur@gmail.com,,,1111111111,1
 Glaxosmithkline pharmaceuticals Ltd.,6,"A-10, Ambad - Uttam Nagar Rd, MIDC Area, MIDC Ambad, Nashik, Maharashtra ",49,327,Nashik,110,422010,Rahul Malekar,kolhapur@gmail.com,,,1111111111,1
 HEMA DRIVELINE AND HYDRAULICS PVT LTD.,6,Bhamboli,49,327,Pune,110,,Rahul Malekar,kolhapur@gmail.com,,,1111111111,1
 Mistair Health & Hygieen Pvt. Ltd.,6,"Shiroli MICD, Kolhapur",49,327,Kolhapur,110,,Rahul Malekar,kolhapur@gmail.com,,,1111111111,1
 MRF LTD,6,"Plot No 1 E Ward, 1st Floor Rahi Heights, Mahadik Vihir, Old Pune Banglore Road, Kolhapur, Maharashtra",49,327,Kolhapur,110,416005,Rahul Malekar,kolhapur@gmail.com,,,1111111111,1
 PFIZER,6,"Plot No. C, The Capital, 1802, 18th Floor, 70, G Block Rd, Bandra Kurla Complex, Bandra East, Mumbai, Maharashtra ",49,327,Mumbai,110,400051,Rahul Malekar,kolhapur@gmail.com,,,1111111111,1
 PIAGGIO VEHICLES PRIVATE LIMITED,6,Pune,49,327,Pune,110,,Rahul Malekar,kolhapur@gmail.com,,,1111111111,1
 Saurer Textiles Solutions Pvt. Ltd,6,"Karjan - Miyagam Rd, Vadava, Gujarat ",48,319,Karjan,110,391240,Vasim Shayannavar,kolhapur@gmail.com,,,1111111111,1
 THE KOLHAPUR STEEL LTD,6,Kolhapur,49,327,Kolhapur,110,,Rahul Malekar,kolhapur@gmail.com,,,1111111111,1
 USV Ltd.,6,Mumbai,49,327,Mumbai,110,,Rahul Malekar,kolhapur@gmail.com,,,1111111111,1
 Xiaomi Technology India Private Limited,6,Bangalore,48,,Bangalore,110,,Vasim Shayannavar,kolhapur@gmail.com,,,1111111111,1
 Eibenstock Positron Elektrowerk Pvt. Ltd.,6,"Tardal, Taluka-Hatkanangale,Dist-Kolhapur,,",49,327,Kolhapur,110,416121,Rahul Malekar,kolhapur@gmail.com,,,1111111111,1
Abbott Healthcare Pvt. Ltd.,6,"Sakhai Plaza D Wing Flat # 8,
3rd Floor Near Yashwantrao,
DP Road, Kothrud, Pune",49,327,Pune,110,411038,Rahul Malekar,kolhapur@gmail.com,,,1111111111,1
ABG Group,6,"Plot No 144/1,2,3, KATP,",49,327,Kolhapur,110,,Rahul Malekar,kolhapur@gmail.com,,,1111111111,1
ACTY SYSTEM INDIA PVT.LTD.,6," Pune, EON Free Zone, Kharadi, Pune, Maharashtra ",48,327,Pune,110,411014,Vasim Shayannavar,kolhapur@gmail.com,,,1111111111,1
Advance Measuring Systems,6,Gokul Shirgaon; M.I.D.C.,49,327,Kolhapur,110,,Rahul Malekar,kolhapur@gmail.com,,,1111111111,1
Advik hi Tech ,6,Pune,48,327,Pune,110,,Vasim Shayannavar,kolhapur@gmail.com,,,1111111111,1
AEGON Religare Life Insurance Company LTD.,6,"02nd Floor, GEMSTONE, near Bus-Stand,
Shahupuri, Kolhapur -
",48,327,Kolhapur,110,416001,Vasim Shayannavar,kolhapur@gmail.com,,,1111111111,1
Aircel Ltd.,6,"Commer Zone, Samrat Ashok Path, 
Building 2, 6th Floor, Jail Road, 
Yerwada, Pune – 
",49,327,Pune,110,411 006,Rahul Malekar,kolhapur@gmail.com,,,1111111111,1
Airport Authority,6,Kolhapur,48,327,Kolhapur,110,,Vasim Shayannavar,kolhapur@gmail.com,,,1111111111,1
AITG Marathwada Auto compo Pvt Ltd ,6,"B-5, Railway Station MIDC,Aurangabad ",48,327,Pune,110,431005,Vasim Shayannavar,kolhapur@gmail.com,,,1111111111,1
Alcon Laboratories (India) Pvt. Ltd,6,"S.No. 2/4 +5+6 /1/3/2,Property No. P/4/10/06114000,GR.FL,ROOM NO.02 (SOUTH SIDE),FLAT NO.02,NEAR ANUPAMA HSG.SOC.,AUNDH,PUNE -",48,327,Pune,110,411007,Vasim Shayannavar,kolhapur@gmail.com,,,1111111111,1
Allergan India Pvt Ltd,6,"Level 6&7 prestige obelisk No.3 Kasturba road, Bangalore India ",49,324,Bangalore,110,560001,Rahul Malekar,kolhapur@gmail.com,,,1111111111,1
Alstom,6,Mumbai,49,327,Mumbai,110,,Rahul Malekar,kolhapur@gmail.com,,,1111111111,1
AMCOL Minerals and Materials (India) Pvt. Ltd.,6,"Windsor Building, Office 103, First Floor,
Off C.S.T. Road, Near BKC, Kalina, Santa Cruz (East), Mumbai 
",48,327,Mumbai,110,,Vasim Shayannavar,kolhapur@gmail.com,,,1111111111,1
Amruta Industries,6,"Shiroli MICD, Kolhapur",49,327,Kolhapur,110,,Rahul Malekar,kolhapur@gmail.com,,,1111111111,1
AMWAY INDIA ENTERPRISES PVT LTD,6,Kolhapur,48,327,Kolhapur,110,,Vasim Shayannavar,kolhapur@gmail.com,,,1111111111,1
APG Automation Pvt. Ltd.,6,CITY,49,327,Kolhapur,110,,Rahul Malekar,kolhapur@gmail.com,,,1111111111,1
Apollo Health & Lifestyle Ltd.,6,"I-10-60/62, Ashoka Raghupati Chambers,
5th Floor, Begumpet, Hyderabad-
",49,354,Hyderabad,110,500034,Rahul Malekar,kolhapur@gmail.com,,,1111111111,1
Apple Hospital,6,Kolhapur,48,327,Kolhapur,110,,Vasim Shayannavar,kolhapur@gmail.com,,,1111111111,1
Archroma India Pvt. Ltd.,6,Mumbai,49,327,Mumbai,110,,Rahul Malekar,kolhapur@gmail.com,,,1111111111,1
Aristo Pharmaceuticals Pvt. Ltd.,6,"Kundan Pharmacon Compound,
Pune – Saswad Road, At Post – Wadki,
Pune - 
",49,327,Pune,110,41308,Rahul Malekar,kolhapur@gmail.com,,,1111111111,1
Arvind Cotspin,6,"Gokul MIDC, Kolhapur",48,327,Kolhapur,110,,Vasim Shayannavar,kolhapur@gmail.com,,,1111111111,1
Arya Steels Rolling (India) Ltd.,6,"5 star MIDC, Kagal, Kolhapur",48,327,Kolhapur,110,,Vasim Shayannavar,kolhapur@gmail.com,,,1111111111,1
ashok leyland,6,Kolhapur,49,327,Kolhapur,110,,Rahul Malekar,kolhapur@gmail.com,,,1111111111,1
Aster Adhar hospital,6,Kolhapur,48,327,Kolhapur,110,,Vasim Shayannavar,kolhapur@gmail.com,,,1111111111,1
Athaayu Multi-Speciality Hospital,6,Kolhapur,48,327,Pune,110,,Vasim Shayannavar,kolhapur@gmail.com,,,1111111111,1
Atlas Copco (India) Ltd ,6,"Atlas Copco Ltd 301,3rd floor, Mantri alpine, above crystalhonda showroom, near Bandal estate Pune- ",48,327,Pune,110,411 021,Vasim Shayannavar,kolhapur@gmail.com,,,1111111111,1
Axis bank,6,Kolhapur,48,327,Kolhapur,110,,Vasim Shayannavar,kolhapur@gmail.com,,,1111111111,1
Bajaj Allianz General Insurance Co. Ltd. ,6," C5, First Floor, Survey Number 1127, 
E-Ward, Royal Prestage, Sykes Extention,
Kolhapur, Maharashtra 
",49,327,Kolhapur,110,416001,Rahul Malekar,kolhapur@gmail.com,,,1111111111,1
Bajaj Allianz Life Insurance Co. Ltd.,6," C5, First Floor, Survey Number 1127, 
E-Ward, Royal Prestage, Sykes Extention,
Kolhapur, Maharashtra
",49,327,Kolhapur,110,416001,Rahul Malekar,kolhapur@gmail.com,,,1111111111,1
Bajaj Auto ,6,Kolhapur,49,327,Kolhapur,110,,Rahul Malekar,kolhapur@gmail.com,,,1111111111,1
Bajaj Finance Ltd. ,6," C5, First Floor, Survey Number 1127, 
E-Ward, Royal Prestage, Sykes Extention,
Kolhapur, Maharashtra 
",49,327,Kolhapur,110,416001,Rahul Malekar,kolhapur@gmail.com,,,1111111111,1
BALMER LAWRIE & CO. LTD,6,RFP,49,327,Kolhapur,110,,Rahul Malekar,kolhapur@gmail.com,,,1111111111,1
Bank Of Baroda,6,Kolhapur,48,327,Kolhapur,110,,Vasim Shayannavar,kolhapur@gmail.com,,,1111111111,1
Bank Of india,6,Kolhapur,49,327,Kolhapur,110,,Rahul Malekar,kolhapur@gmail.com,,,1111111111,1
BASF India Ltd.,6,"Plot No. 12, TTC Area, Thane – Belapur Road,
Turbhe – , Navi Mumbai
",49,327,Thane,110,400705,Rahul Malekar,kolhapur@gmail.com,,,1111111111,1
Bayer BioScience Pvt. Ltd,6,"3rd Floor, B D Patel House, Near Sardar Patel Colony
Naranpura, Ahmedabad-, Gujarat
",48,,Ahmedabad,110,380013,Vasim Shayannavar,kolhapur@gmail.com,,,1111111111,1
BAYER CROP SCIENCE LTD,6,"Plot No 5, 2nd Floor, Kothari Plaza, Lulla Nagar, Kondhwa, Pune, Maharashtra",48,327,Pune,110,411040,Vasim Shayannavar,kolhapur@gmail.com,,,1111111111,1
BERGER PAINTS INDIA LIMITED,6,"Plot no.345/16 A ,Hupari Road, Opp. Gudmudshing MSEB Power Station,Near JK Cement Godown, Gudmudshing,Tal-Karveer, Dist-Kolhapur ",48,327,Kolhapur,110,416119,Vasim Shayannavar,kolhapur@gmail.com,,,1111111111,1
Bharat Electrical Contractors & Mfrs Pvt. Ltd.,6,"J-78, M.I.D.C.,Kupwad, Sangli - ",48,327,Sangali,110,416436,Vasim Shayannavar,kolhapur@gmail.com,,,1111111111,1
Bharat Light & Power Pvt. Ltd.,6,"Office No. G8, Ground Floor, Gamma Block,
Sigma Soft Tech Park, 7, White Field Main Road,
Varthur Kodi, Bangalore - 
",48,324,Bangalore,110,560066,Vasim Shayannavar,kolhapur@gmail.com,,,1111111111,1
Bharat petroleum corporation Ltd.,6,Pune,48,327,Pune,110,,Vasim Shayannavar,kolhapur@gmail.com,,,1111111111,1
BHARATI VIDYAPEETH COLLEGE OF PHARMACY,6,Kolhapur,49,327,Kolhapur,110,,Rahul Malekar,kolhapur@gmail.com,,,1111111111,1
Bharti Airtel Ltd.,6,Kolhapur,49,327,Kolhapur,110,,Rahul Malekar,kolhapur@gmail.com,,,1111111111,1
Biorad  Medisys ,6,Pune,48,327,Pune,110,,Vasim Shayannavar,kolhapur@gmail.com,,,1111111111,1
Borgwarneremission System india pvt ltd,6,RFP,48,327,Pune,110,,Vasim Shayannavar,kolhapur@gmail.com,,,1111111111,1
Busch Vaccum India Pvt. Ltd.,6,Pune,48,327,Pune,110,,Vasim Shayannavar,kolhapur@gmail.com,,,1111111111,1
CA Technologies,6,Mumbai,49,327,Mumbai,110,,Rahul Malekar,kolhapur@gmail.com,,,1111111111,1
Canon India Pvt. Ltd.,6,Kolhapur,49,327,Kolhapur,110,,Rahul Malekar,kolhapur@gmail.com,,,1111111111,1
Caspro Metal Industries Pvt. Ltd.,6,"Shiroli MICD, Kolhapur",49,327,Kolhapur,110,,Rahul Malekar,kolhapur@gmail.com,,,1111111111,1
Caterpillar India Pvt. Ltd.,6,"Mathagondapalli - 
Hosur Taluk, India
",48,327,Mathagondapalli,110,635114,Vasim Shayannavar,kolhapur@gmail.com,,,1111111111,1
CatexOverseas Import,6,RFP,48,327,RFP,110,,Vasim Shayannavar,kolhapur@gmail.com,,,1111111111,1
CEAT Ltd.,6,MIDC Shiroli,49,327,Shiroli,110,,Rahul Malekar,kolhapur@gmail.com,,,1111111111,1
Centre for Genetic Health Care,6,"A – 11, Elco Arcade, Hill Road, Bandra (W),
Mumbai -
",49,327,Mumbai,110,400050,Rahul Malekar,kolhapur@gmail.com,,,1111111111,1
Ceraflux India Pvt. Ltd.,6,Gokul Shirgaon; M.I.D.C.,49,327,Kolhapur,110,,Rahul Malekar,kolhapur@gmail.com,,,1111111111,1
Chettinad Cement Corporation Pvt. Ltd,6,Solapur,48,327,Kolhapur,110,,Vasim Shayannavar,kolhapur@gmail.com,,,1111111111,1
Cipla Ltd,6,Mumbai,49,327,Mumbai,110,,Rahul Malekar,kolhapur@gmail.com,,,1111111111,1
Compass India Support Services Pvt. Ltd.,6,"401, 4th Floor, Tower A, Spaze I-Tech Park,
Sohna Road, Sector – 49,
Gurgaon (Haryana) -
",49,327,Gurgaon,110,122018,Rahul Malekar,kolhapur@gmail.com,,,1111111111,1
Continental India Ltd.,6,Pune,49,327,Pune,110,,Rahul Malekar,kolhapur@gmail.com,,,1111111111,1
Corteva,6,RFP,49,327,,110,,Rahul Malekar,kolhapur@gmail.com,,,1111111111,1
Cummins,6,RFP,48,327,,110,,Vasim Shayannavar,kolhapur@gmail.com,,,1111111111,1
D Y Patil,6,Kolhapur,48,327,Kolhapur,110,,Vasim Shayannavar,kolhapur@gmail.com,,,1111111111,1
Dahanukar (Associates Architects),6,Mumbai,49,327,Mumbai,110,,Rahul Malekar,kolhapur@gmail.com,,,1111111111,1
Daikai Engineering (India) Pvt. Ltd.,6,Mumbai,48,327,Mumbai,110,,Vasim Shayannavar,kolhapur@gmail.com,,,1111111111,1
Daimler  India.,6,"Unit 301 & 302, 3rd Floor, Campus 3B, 
RMZ Millennia Business Park,, No 143, 
Dr. M.G. R. Road, Perungudi,, Chennai, Tamil Nadu 
",48,336,Chennai,110,600096,Vasim Shayannavar,kolhapur@gmail.com,,,1111111111,1
DALMIA BHARAT SUGAR AND INDUSTRIES LTD.,6,"Asurle Porle, Post – Porle Tarf Thane, Tal. : Panhala, Dist. Kolhapur, Maharashtra",49,327,Kolhapur,110,,Rahul Malekar,kolhapur@gmail.com,,,1111111111,1
Dalmia sugar,6,Kolhapur,49,327,Kolhapur,110,,Rahul Malekar,kolhapur@gmail.com,,,1111111111,1
Danfoss Power Solutions India Pvt. Ltd.,6,"Global Procurement Gat No. 94-100, Hi-Cliff Industrial Estate, Village Kesnand,Wagholi-Rahu Road, Pune-, India",48,327,Pune,110,412 207,Vasim Shayannavar,kolhapur@gmail.com,,,1111111111,1
DBS Bank,6,KOLHAPUR,49,327,Kolhapur,110,,Rahul Malekar,kolhapur@gmail.com,,,1111111111,1
Deepak Fertilizers and Petrochemicals Corp Ltd.,6,"Sai Hira, Survey No. 93,
Mundhwa, Pune -
",49,327,Pune,110,411036,Rahul Malekar,kolhapur@gmail.com,,,1111111111,1
DesignTech Systems Ltd.,6,"6, Commerce Centre, Rambaug Colony ,
Kothrud Paud Road, Pune 
",49,327,Pune,110,411 038,Rahul Malekar,kolhapur@gmail.com,,,1111111111,1
Dhanuka Agritech Limited.,6,KOLHAPUR,49,327,Kolhapur,110,,Rahul Malekar,kolhapur@gmail.com,,,1111111111,1
Diamond Sugar Works,6,"Karad-Patan Road, Mundhe,
Karad -
",49,327,Kolhapur,110,415110,Rahul Malekar,kolhapur@gmail.com,,,1111111111,1
D-Link India Pvt. Ltd.,6,Pune,49,327,Pune,110,,Rahul Malekar,kolhapur@gmail.com,,,1111111111,1
DMG MORI SEIKI India,6,"Unit No. 206, 2nd Floor • CTS/Survey No. 5, 
Regent Plaza  Behind Symantec Software
Baner Pashan Link Road Pune
",48,327,Pune,110, 411 045 ,Vasim Shayannavar,kolhapur@gmail.com,,,1111111111,1
DSK Motowheels Pvt. Ltd.,6,"1st Floor, Gandharv Hights
Near Rahul Theatre, Shivaji Nagar, 
Pune -  
",49,327,Kolhapur,110,411 005,Rahul Malekar,kolhapur@gmail.com,,,1111111111,1
DSK Toyota,6,Kolhapur Office,48,327,Kolhapur,110,,Vasim Shayannavar,kolhapur@gmail.com,,,1111111111,1
EATON TECHNOLOGIES,6,"EATON TECHNOLOGIES, EON Free Zone, Cluster B, Wing 3, Level 7, MIDC, Kharadi Knowledge Park, Pune - ",48,327,Pune,110,411 014,Vasim Shayannavar,kolhapur@gmail.com,,,1111111111,1
Elcom International Pvt. Ltd.,6,"20, Prabhadevi Industrial Estate, 
408, Veer Savarkar Marg, Prabhadevi,
Mumbai,MH -, India
",48,327,Mumbai,110,400025,Vasim Shayannavar,kolhapur@gmail.com,,,1111111111,1
ELKEM SOUTH ASIA PVT LTD,6,Kolhapur,48,327,Kolhapur,110,,Vasim Shayannavar,kolhapur@gmail.com,,,1111111111,1
Emcure Pharmaceuticals Ltd.,6,"Rajiv Gandhi IT Park, MIDC, Hinjewadi, Pune",48,327,Pune,110,,Vasim Shayannavar,kolhapur@gmail.com,,,1111111111,1
Essar Oil Ltd.,6,"101-102, Mittal Chambers,
418, J.M. Road, Shivajinagar,
Pune -
",49,327,Pune,110,411005,Rahul Malekar,kolhapur@gmail.com,,,1111111111,1
Eurotex Industries & Exports Ltd.,6,"Gokul MIDC, Kolhapur",49,327,Kolhapur,110,,Rahul Malekar,kolhapur@gmail.com,,,1111111111,1
F. M. Hammerle Textiles Limited,6,"MIDC 5 STAR, Kagal, Kolhapur",48,327,Kolhapur,110,,Vasim Shayannavar,kolhapur@gmail.com,,,1111111111,1
Fidelity Life Science Pvt. Ltd.,6,"Nanasaheb Gaikwad Information Technology Park, S. No. 17/ 2B, 411007, 17/ 2B,, Baner - Aundh Rd, Sanewadi, Aundh, Pune, Maharashtra",49,327,Pune,110,411007,Rahul Malekar,kolhapur@gmail.com,,,1111111111,1
Firefly Fire Pumps,6,Gokul Shirgaon; M.I.D.C.,49,327,Kolhapur,110,,Rahul Malekar,kolhapur@gmail.com,,,1111111111,1
Flowserve ,6,Kolhapur,49,327,Kolhapur,110,,Rahul Malekar,kolhapur@gmail.com,,,1111111111,1
Foseco India Ltd.,6,"Gat No. 922 & 923, Sanaswadi Taluka Shirur
Dist. Pune - 
",49,327,Pune,110,412208,Rahul Malekar,kolhapur@gmail.com,,,1111111111,1
François Compressors India Pvt. Ltd.,6,"Gat No 147/1 (New), Lavale Road, 
Pirangut Village, Tal. Mulshi
Dist. Pune – , INDIA
",49,327,Pune,110,412 115,Rahul Malekar,kolhapur@gmail.com,,,1111111111,1
FS Compresors India Pvt. Ltd.,6,"Gat No. 357/17/2 & 357/18, Waghjainagar
Ambethan Road, Kharabwadi, Taluka – Khed, Pune
",49,327,Pune,110,,Rahul Malekar,kolhapur@gmail.com,,,1111111111,1
Gadre Industries,6,Gokul Shirgaon; M.I.D.C.,49,327,Kolhapur,110,,Rahul Malekar,kolhapur@gmail.com,,,1111111111,1
GAIL (India) Ltd.,6,"Vasant Pride, 4th floor,8th Lane, Opp. City Hospital, Rajarampuri,",48,327,Kolhapur,110,,Vasim Shayannavar,kolhapur@gmail.com,,,1111111111,1
Gallagher Operations Support Services Pvt. Ltd.,6,"IT park, near Jayprabha Studio, Kolhapur",49,327,Kolhapur,110,,Rahul Malekar,kolhapur@gmail.com,,,1111111111,1
Ganpati Roller Flour Mills,6,Gokul Shirgaon; M.I.D.C.,49,327,Kolhapur,110,,Rahul Malekar,kolhapur@gmail.com,,,1111111111,1
General Machine tools,6,"Plot no. 99/100,Sector B Parvati Co-Op, Industrial Estate Ltd Yadrav- 416 145, ichalkarangi.",49,327,Kolhapur,110,,Rahul Malekar,kolhapur@gmail.com,,,1111111111,1
Genuine Products,6,Pune,49,327,Pune,110,,Rahul Malekar,kolhapur@gmail.com,,,1111111111,1
Ghatge Patil Industries Ltd ,6,"Uchgaon, Kolhapur  - , ",48,327,Kolhapur,110,416 005,Vasim Shayannavar,kolhapur@gmail.com,,,1111111111,1
Global Canesugar Services Pvt Ltd,6,"1-2, 4th Floor TDI Centre, plot no 7 Jasola, New Delhi- 110025 ",49,346,New Delhi,110,110025,Rahul Malekar,kolhapur@gmail.com,,,1111111111,1
Gnat Foundry Pvt. Ltd,6,"Shiroli MICD, Kolhapur",49,327,Kolhapur,110,,Rahul Malekar,kolhapur@gmail.com,,,1111111111,1
Gokul,6,"Gokul M.I.D.C., Kolhapur",49,327,Kolhapur,110,,Rahul Malekar,kolhapur@gmail.com,,,1111111111,1
GRASIM INDUSTRIES LTD,6,Mumbai,48,327,Kolhapur,110,,Vasim Shayannavar,kolhapur@gmail.com,,,1111111111,1
GRI Towers India private Ltd,6,Kolhapur,48,327,Kolhapur,110,,Vasim Shayannavar,kolhapur@gmail.com,,,1111111111,1
Grindwell Norton Ltd.,6,Pune,49,327,Kolhapur,110,,Rahul Malekar,kolhapur@gmail.com,,,1111111111,1
Gulf Oil Lubricants India Limited,6,"15, Siddharth Nagar, Aundh, Pune, Maharashtra ",49,327,Kolhapur,110,411007,Rahul Malekar,kolhapur@gmail.com,,,1111111111,1
Haimer india ,6,"Gate No.367, S No 13 Pirangut-lavasa Road Urwade Pune",49,327,Kolhapur,110,,Rahul Malekar,kolhapur@gmail.com,,,1111111111,1
HDFC Bank,6,"Behind Bus stand , Kolhapur",48,327,Kolhapur,110,,Vasim Shayannavar,kolhapur@gmail.com,,,1111111111,1
HELINTO (ATE ENTERPRISES PVT LTD),6,Kolhapur,49,327,Kolhapur,110,,Rahul Malekar,kolhapur@gmail.com,,,1111111111,1
HERO MOTOCORP LTD,6,New Delhi,48,,New Delhi,110,,Vasim Shayannavar,kolhapur@gmail.com,,,1111111111,1
Hind Gear Industries,6,"Shiroli MICD, Kolhapur",49,327,Kolhapur,110,,Rahul Malekar,kolhapur@gmail.com,,,1111111111,1
"Hindalco Industries Ltd,",6,"Shahpuri, KOLHAPUR",49,327,Kolhapur,110,,Rahul Malekar,kolhapur@gmail.com,,,1111111111,1
Hindustan Coca Cola,6,RFP,49,327,Kolhapur,110,,Rahul Malekar,kolhapur@gmail.com,,,1111111111,1
HINDUSTAN PETROLEUM CORPORATION LTD,6,Kolhapur,48,327,Kolhapur,110,,Vasim Shayannavar,kolhapur@gmail.com,,,1111111111,1
HISOA ELECTRONIC PVT LTD,6,Pune,48,327,Pune,110,,Vasim Shayannavar,kolhapur@gmail.com,,,1111111111,1
Honda Cars India Ltd.,6,Pune,48,327,Pune,110,,Vasim Shayannavar,kolhapur@gmail.com,,,1111111111,1
Honda Motorcycles & Scooters India Pvt Ltd,6,"Plot No. 26, Viveknagar, Akurdi, Pune - .",48,327,Pune,110,411035,Vasim Shayannavar,kolhapur@gmail.com,,,1111111111,1
Huntsman International (India) Pvt. Ltd.,6,"Lighthall, B- Wing, Saki Vihar Road,
Andheri (E), Mumbai -
",49,327,Mumbai,110,400072,Rahul Malekar,kolhapur@gmail.com,,,1111111111,1
"HyperCity Retail (India) Ltd.,",6,Mumbai,49,327,Mumbai,110,,Rahul Malekar,kolhapur@gmail.com,,,1111111111,1
Hyundai Motor Company,6,KOLHAPUR,48,327,Kolhapur,110,,Vasim Shayannavar,kolhapur@gmail.com,,,1111111111,1
ICICI Bank,6,"Rajaram Rd, Shahupuri, Kolhapur, Maharashtra ",48,327,Kolhapur,110,416001,Vasim Shayannavar,kolhapur@gmail.com,,,1111111111,1
ICICI HOME FINANCE COMPANY,6,Kolhapur,48,327,Kolhapur,110,,Vasim Shayannavar,kolhapur@gmail.com,,,1111111111,1
ICICI PRUDENTIAL LIFE INSURANCE CO LTD,6,Kolhapur,48,327,Kolhapur,110,,Vasim Shayannavar,kolhapur@gmail.com,,,1111111111,1
IDBI Bank,6,KOLHAPUR,49,327,Kolhapur,110,,Rahul Malekar,kolhapur@gmail.com,,,1111111111,1
Iffco Tokio General Insurance Co.Ltd.,6,"Shahpuri, KOLHAPUR",48,327,Kolhapur,110,,Vasim Shayannavar,kolhapur@gmail.com,,,1111111111,1
IFM ELECTRONIC INDIA PVT LTD,6,"Plot No. P-39, 1, MIDC, Gokul Shirgaon, Maharashtra",49,327,Shirgaon,110,416234,Rahul Malekar,kolhapur@gmail.com,,,1111111111,1
India Cement Pvt. Ltd. ,6,"F-1/2/3, 1st Floor, 768-1, Swastick House, E Ward, 
4th Line, Shahupuri, Shahupuri, Kolhapur, Maharashtra 
",48,327,Kolhapur,110,416001,Vasim Shayannavar,kolhapur@gmail.com,,,1111111111,1
INDIA FIRST LIFE INSURANCE,6,Mumbai,49,327,Mumbai,110,,Rahul Malekar,kolhapur@gmail.com,,,1111111111,1
Indian Oil Corporation Ltd.,6,"Goa Divisional Office,
C-21 Bogda Road, P.O. Harbour
Mormugao Goa.
",48,318,Bogda,110, 403 803,Vasim Shayannavar,kolhapur@gmail.com,,,1111111111,1
Indimet Pvt. Ltd.,6,"MIDC, Chinwad, Pane",48,327,Pune,110,,Vasim Shayannavar,kolhapur@gmail.com,,,1111111111,1
Indo Count Industries Limited ,6,"MIDC 5 STAR, Kagal, Kolhapur",48,327,Kolhapur,110,,Vasim Shayannavar,kolhapur@gmail.com,,,1111111111,1
Indo Industries Ltd.,6,"A – 1, Samir Appartments, 169, S.V. Road,
Andheri (W), Mumbai - 
",49,327,Mumbai,110,400058,Rahul Malekar,kolhapur@gmail.com,,,1111111111,1
Indo Schottle Auto Parts Pvt. Ltd.,6,"Gat # 378/387/389, Village Urawade, 
Taluka Mulshi, District Pune - 
",48,319,Ahmedabad,110,412115,Vasim Shayannavar,kolhapur@gmail.com,,,1111111111,1
INDUS TOWERS LTD,6,Kolhapur,48,327,Kolhapur,110,,Vasim Shayannavar,kolhapur@gmail.com,,,1111111111,1
INGERSOLL RAND (INDIA) LIMITED,6,"Unit # 31, 3rd Floor (2nd level),
Kalpataru Square, Kondivita Lane,
Andheri – Kurla Road, Mumbai -

",48,327,Aurangabad,110,400059,Vasim Shayannavar,kolhapur@gmail.com,,,1111111111,1
INTAS PHARMA,6,Ahmedabad,48,327,Pune,110,,Vasim Shayannavar,kolhapur@gmail.com,,,1111111111,1
INTER GLOBE AVIATION,6,Kolhapur,48,327,Mumbai,110,,Vasim Shayannavar,kolhapur@gmail.com,,,1111111111,1
International Tractors,6,"Excutive Apartment, Behind Gurudwara, Osmanpura, Osmanpura, Aurangabad, Maharashtra ",49,327,Kolhapur,110,431005,Rahul Malekar,kolhapur@gmail.com,,,1111111111,1
ISGEC HEAVY ENGINEERING LTD,6,Pune,48,327,Pune,110,,Vasim Shayannavar,kolhapur@gmail.com,,,1111111111,1
Itema weaving pvt ltd,6,Mumbai,48,327,Mumbai,110,,Vasim Shayannavar,kolhapur@gmail.com,,,1111111111,1
J  K Cement Ltd. ,6,"2nd Floor, Omkar Plaza, Near ICICI Bank, Bagal Chowk, Kolhapur-",48,327,Kolhapur,110, 416 012,Vasim Shayannavar,kolhapur@gmail.com,,,1111111111,1
JCB INDIA LTD,6,"Office No-11, Business Avenue, Sanghvi Nagar, Ward No. 8, Aundh Gaon, Aundh, Pune, Maharashtra ",48,327,Pune,110,411007,Vasim Shayannavar,kolhapur@gmail.com,,,1111111111,1
JITENDRASINGH INFRASTRUCTURE PVT LTD,6,"707 North Block Sacred World Wanorie, Pune, Maharashtra",48,327,Pune,110,410040,Vasim Shayannavar,kolhapur@gmail.com,,,1111111111,1
JOHN DEERE INDIA PVT LTD,6,Pune,49,327,Kolhapur,110,,Rahul Malekar,kolhapur@gmail.com,,,1111111111,1
K & K Group of Companies,6,"Shiroli MICD, Kolhapur",49,327,Kolhapur,110,,Rahul Malekar,kolhapur@gmail.com,,,1111111111,1
K.N.P. College Of Veterinary Science,6,"Shirwal, Tal. Khandala, Dist. Satara (M.H.) -",49,327,Satara,110,412801,Rahul Malekar,kolhapur@gmail.com,,,1111111111,1
KENNAMETAL INDIA LTD /WIDIA PRODUCTS,6,Pune,48,327,Pune,110,,Vasim Shayannavar,kolhapur@gmail.com,,,1111111111,1
KESORAM INDUSTRIES,6,Kolhapur,49,327,Kolhapur,110,,Rahul Malekar,kolhapur@gmail.com,,,1111111111,1
Kirloskar Oil Engines Limited,6,"MIDC 5 STAR, Kolhapur",48,327,Kolhapur,110,,Vasim Shayannavar,kolhapur@gmail.com,,,1111111111,1
KNORR-BREMSE INDIA PRIVATE LIMITED,6,"14/6, Mathura Road, Faridabad – (India)",48,327,Faridabad,110,121003,Vasim Shayannavar,kolhapur@gmail.com,,,1111111111,1
KOMATSU INDIA,6,Kolhapur,48,327,Kolhapur,110,,Vasim Shayannavar,kolhapur@gmail.com,,,1111111111,1
Kotak Mahindra Bank Ltd,6,"B4-B8, Royal Prestige, 
Sykes Extn E ward Rajarampuri road,
 Kolhapur. Maharashtra - 
",49,327,Kolhapur,110,416 001,Rahul Malekar,kolhapur@gmail.com,,,1111111111,1
Krishna Associates,6,KOLHAPUR,48,327,Kolhapur,110,,Vasim Shayannavar,kolhapur@gmail.com,,,1111111111,1
Kyocera Asia Pacific INDIA Ltd.,6,Haryana,49,327,,110,,Rahul Malekar,kolhapur@gmail.com,,,1111111111,1
L&T Electrical & Automation,6,"Larsen & Toubro Limited,
L & T House, 191/1, Dhole Patil Road,
Pune – , India
",49,327,Pune,110,411 001,Rahul Malekar,kolhapur@gmail.com,,,1111111111,1
Lava International Ltd.,6,"1003/1004, The Ambience Court,
10th Floor, Plot No-2, Sector – 19D,
Opp. RTO Office, Vashi, Navi Mumbai
",49,327,Mumbai,110,,Rahul Malekar,kolhapur@gmail.com,,,1111111111,1
LAXMI CIVIL ENGINEERING SERVICES PVT LTD,6,"Shahpuri, KOLHAPUR",49,327,Kolhapur,110,,Rahul Malekar,kolhapur@gmail.com,,,1111111111,1
LG Electronics,6,Kolhapur Branch,49,327,Kolhapur,110,,Rahul Malekar,kolhapur@gmail.com,,,1111111111,1
LIEBHERR INDIA PVT LTD,6,"NH-9 Pune Solapur Road Gat No. 196, 199, Pune, Maharashtra ",48,327,Pune,110,412203,Vasim Shayannavar,kolhapur@gmail.com,,,1111111111,1
Life Insurance Corporation of India,6,Near Bus Stand Kolhapur,48,327,Kolhapur,110,,Vasim Shayannavar,kolhapur@gmail.com,,,1111111111,1
Macleods Pharmaceuticals Ltd.,6,Kolhapur,49,327,Kolhapur,110,,Rahul Malekar,kolhapur@gmail.com,,,1111111111,1
Magma Fincorp,6," First Floor, Survey Number 1127, 
E-Ward, Royal Prestage, Sykes Extention,
Kolhapur, Maharashtra 
",49,327,Kolhapur,110,416001,Rahul Malekar,kolhapur@gmail.com,,,1111111111,1
Mahalaxmi Fab (Unit of Manikram Textiles Pvt Ltd),6,"MIDC 5 STAR , Kagal, Kolhapur",48,327,Kolhapur,110,,Vasim Shayannavar,kolhapur@gmail.com,,,1111111111,1
Mahindra & Mahindra Financial Services Ltd.,6,Pune,48,327,Pune,110,,Vasim Shayannavar,kolhapur@gmail.com,,,1111111111,1
Mahindra & Mahindra Ltd.,6,"2nd Floor, 6 Jagtap Park,
Opp. Saurabh hall, Pune
",48,327,Pune,110,,Vasim Shayannavar,kolhapur@gmail.com,,,1111111111,1
Manoj Industries,6,"Shiroli MICD, Kolhapur",49,327,Kolhapur,110,,Rahul Malekar,kolhapur@gmail.com,,,1111111111,1
Manorama Infosolutions Pvt. Ltd.,6,"Shahpuri, KOLHAPUR",48,327,Kolhapur,110,,Vasim Shayannavar,kolhapur@gmail.com,,,1111111111,1
Mantri Metallics Pvt Ltd,6,"Shiroli, MIDC, Kolhapur",49,327,Kolhapur,110,,Rahul Malekar,kolhapur@gmail.com,,,1111111111,1
Manugraph India Ltd.,6,MIDC Shiroli,49,327,Shiroli,110,,Rahul Malekar,kolhapur@gmail.com,,,1111111111,1
Maruti Suzuki India Limited,6,"7th Floor, North Block,
Sacred World, Wanowarie,
Pune- 
",48,327,Pune,110,411040,Vasim Shayannavar,kolhapur@gmail.com,,,1111111111,1
Marvelous Engineers Pvt. Ltd.,6,Gokul Shirgaon; M.I.D.C.,49,327,Shirgaon,110,,Rahul Malekar,kolhapur@gmail.com,,,1111111111,1
Marvelous Metals Pvt. Ltd.,6,Gokul Shirgaon; M.I.D.C.,49,327,Shirgaon,110,,Rahul Malekar,kolhapur@gmail.com,,,1111111111,1
Masterline Technologies Pvt. Ltd. ,6,"Tower 2B - F1, Natraj Enclave, Rbg Complex, 
Near Jalaram Mandir Road, Kareli Baug, Vadodara-
",49,327,Vadodara,110,390018,Rahul Malekar,kolhapur@gmail.com,,,1111111111,1
Mather and Platt Pumps Ltd.,6,"Gokul MIDC, Kolhapur",49,327,Kolhapur,110,,Rahul Malekar,kolhapur@gmail.com,,,1111111111,1
MathWorks India Pvt. Ltd.,6,"Vatika Business Center, Level 5, C Wing,
Panchsheel Tech Park One, Airport Road,
Pune - 
",49,327,Pune,110,411006,Rahul Malekar,kolhapur@gmail.com,,,1111111111,1
MAURYA GROUP OF INDUSTRIES,6,Kolhapur,49,327,Kolhapur,110,,Rahul Malekar,kolhapur@gmail.com,,,1111111111,1
Menon and Menon Ltd.,6,KOLHAPUR,48,327,Kolhapur,110,,Vasim Shayannavar,kolhapur@gmail.com,,,1111111111,1
Menon Bearings Ltd,6,"Gokul MIDC, Kolhapur",49,327,Kolhapur,110,,Rahul Malekar,kolhapur@gmail.com,,,1111111111,1
Menon Pistons Ltd. ,6,"Shiroli MICD, Kolhapur",49,327,Kolhapur,110,,Rahul Malekar,kolhapur@gmail.com,,,1111111111,1
METSO INDIA PVT LTD,6,"Regus Pune, Viman Nagar, Pune, Maharashtra ",48,327,Pune,110,411014,Vasim Shayannavar,kolhapur@gmail.com,,,1111111111,1
Michelin India,6,"World Trade Center, 5th floor, Tower 4, Dholepatil Farms Rd, EON Free Zone, Kharadi, Pune, Maharashtra",49,327,Pune,110,411014,Rahul Malekar,kolhapur@gmail.com,,,1111111111,1
Micro Labs Ltd.,6,"Micro House, 4th Floor, Chandivali Farm Road,
Near Kamani Oil Mills, Chandivali, Andheri (E),
Mumbai - 
",49,327,Mumbai,110,400072,Rahul Malekar,kolhapur@gmail.com,,,1111111111,1
Mitsubishi electric india,6,"EL - 1&2, J- Block, MIDC Rd, Bhosari, Pune, Maharashtra",49,327,Pune,110,411026,Rahul Malekar,kolhapur@gmail.com,,,1111111111,1
MOHAN AUTO INDUSTRIES,6,Kolhapur,48,327,Kolhapur,110,,Vasim Shayannavar,kolhapur@gmail.com,,,1111111111,1
Mohite Automobiles Pvt Limited,6,"Kawala Naked, Kolhapur",48,327,Kolhapur,110,,Vasim Shayannavar,kolhapur@gmail.com,,,1111111111,1
Mondelez International (Cadbury India Ltd.),6,"EL Tara, 5th Floor, Behind Delphi ‘C’ Wing,
Opp. Odysee II, Hiranandani,
Powai, Mumbai -
",49,327,Mumbai,110,400076,Rahul Malekar,kolhapur@gmail.com,,,1111111111,1
MUSIC BROADCAST LTD,6,Kolhapur,48,327,Kolhapur,110,,Vasim Shayannavar,kolhapur@gmail.com,,,1111111111,1
Nagreeka Export Ltd,6,"Kagal MIDC, Kolhapur",48,327,Kolhapur,110,,Vasim Shayannavar,kolhapur@gmail.com,,,1111111111,1
NAtional Cement Pipe Company,6,Gokul Shirgaon; M.I.D.C.,49,327,Shirgaon,110,,Rahul Malekar,kolhapur@gmail.com,,,1111111111,1
NAYARA ENERGY LTD,6,Kolhapur,49,327,Kolhapur,110,,Rahul Malekar,kolhapur@gmail.com,,,1111111111,1
New Holland Fiat (India) Pvt. Ltd.,6,"401, Pentagon Tower 3, Magarpatta City,
Pune -
",49,327,Pune,110,411013,Rahul Malekar,kolhapur@gmail.com,,,1111111111,1
NIPPEI TOYAMA INDIA PVT.LTD.,6,"Plot No. A-64, ‘H’ – Block, MIDC Pimpri,Pune -",49,327,Pune,110,411018,Rahul Malekar,kolhapur@gmail.com,,,1111111111,1
NuPower Technologies Ltd.,6,"408, The Capital, Bandra Kurla Complex,
Mumbai - 
",49,327,Mumbai,110,400051,Rahul Malekar,kolhapur@gmail.com,,,1111111111,1
Oerlikon Fairfield  ,6,KOLHAPUR,49,327,kolhapur,110,,Rahul Malekar,kolhapur@gmail.com,,,1111111111,1
Okuma India Pvt. Ltd.,6,"Mathagondapalli -
Hosur Taluk, India

",49,336,Hosur Taluk,110,635114,Rahul Malekar,kolhapur@gmail.com,,,1111111111,1
ORIENT CEMENT LTD,6,"st Floor Balaji Heights, Bibwewadi, Pune, Maharashtra ",49,327,Pune,110,,Rahul Malekar,kolhapur@gmail.com,,,1111111111,1
Panasonic India Pvt. Ltd.,6,Pune,49,327,Pune,110,,Rahul Malekar,kolhapur@gmail.com,,,1111111111,1
Penna Cement Industries Ltd.,6,"Double Road, Auto Nagar, beside Hotel Harsha, Belagavi, Karnataka ",48,324,Belagavi,110,590016,Vasim Shayannavar,kolhapur@gmail.com,,,1111111111,1
Pernod Ricard (P) Ltd.,6,KOLHAPUR,49,327,kolhapur,110,,Rahul Malekar,kolhapur@gmail.com,,,1111111111,1
Phillips Ltd,6,"Technopolis Knowledge Park,
2nd Floor, Mahakali Caves Road, MIDC, Chakala,
Andheri (E), Mumbai - 
",48,327,Mumbai,110,400093,Vasim Shayannavar,kolhapur@gmail.com,,,1111111111,1
Picanol India Pvt. Ltd.,6,Thane,48,327,Thane,110,,Vasim Shayannavar,kolhapur@gmail.com,,,1111111111,1
Power Grid Corporation of India Ltd,6,KOLHAPUR,48,327,kolhapur,110,,Vasim Shayannavar,kolhapur@gmail.com,,,1111111111,1
QUALITAS EXPORTS PVT LTD.,6,"MIDC, Shiroli, Maharashtra",48,327,Shiroli,110,416122,Vasim Shayannavar,kolhapur@gmail.com,,,1111111111,1
RALLIS INDIA LTD,6,Mumbai,48,327,Mumbai,110,,Vasim Shayannavar,kolhapur@gmail.com,,,1111111111,1
Raymond  Limited ,6,Kolhapur,48,327,kolhapur,110,,Vasim Shayannavar,kolhapur@gmail.com,,,1111111111,1
RBL Bank Ltd,6,Kolhapur,48,327,kolhapur,110,,Vasim Shayannavar,kolhapur@gmail.com,,,1111111111,1
Reliance Industries Ltd,6,"4th Floor, North Block, Sacred World, Jagtap Chowk,
Wanowrie, Pune –. India 
",48,327,Pune,110, 411 040,Vasim Shayannavar,kolhapur@gmail.com,,,1111111111,1
Renault India Pvt. Ltd.,6,Kolhapur,49,327,kolhapur,110,,Rahul Malekar,kolhapur@gmail.com,,,1111111111,1
RIDHI EQUIPMENTS,6,Kolhapur,49,327,kolhapur,110,,Rahul Malekar,kolhapur@gmail.com,,,1111111111,1
Rieter India Pvt. Ltd.,6,"Gat No. - 134/1, Vadhu Road Off. Pune Nagar Road,
Koregaon Bhima, Tal - Shirur, Dist - Pune IN-. 
",48,327,Pune,110,412216,Vasim Shayannavar,kolhapur@gmail.com,,,1111111111,1
SAGAR GROUP OF ENTERPRISES,6,"A/188 No 5, Sanjay Building, Akshya Mittal Industrial Estate, Sir M V Road, Andheri East, Mumbai, Maharashtra ",48,327,Mumbai,110,400059,Vasim Shayannavar,kolhapur@gmail.com,,,1111111111,1
SAI AVIATION/ALOFT AVIATION,6,Pune,48,327,Pune,110,,Vasim Shayannavar,kolhapur@gmail.com,,,1111111111,1
SAI SERVICE LTD/ MARUTI SUZUKI ,6,"Shiroli MICD, Kolhapur",48,327,kolhapur,110,,Vasim Shayannavar,kolhapur@gmail.com,,,1111111111,1
Sakal Media,6,Kolhapur,48,327,kolhapur,110,,Vasim Shayannavar,kolhapur@gmail.com,,,1111111111,1
Salaskar & Co. Chartered Accountants,6,"101, Bajaj Bhavan, 10th Floor, Nariman Point,
Mumbai -
",49,327,Mumbai,110,400021,Rahul Malekar,kolhapur@gmail.com,,,1111111111,1
SALVAGNINI MACHINERY INDIA PVT LTD,6,"o. 26, 2nd Floor, New BEL Road, Jaladarsini Layout, R V M 2nd Stage, above BIBA Showroom, Bengaluru, Karnataka ",48,324,Bengaluru,110,,Vasim Shayannavar,kolhapur@gmail.com,,,1111111111,1
Samsung India Ltd.,6,"9th Floor, Sahyog Platinum Tower,
25/27, Nylor road, off. Marngaddar road,
Pune-
",48,327,Pune,110,411001,Vasim Shayannavar,kolhapur@gmail.com,,,1111111111,1
SANDVIK GROUP,6,RFP,49,327,kolhapur,110,,Rahul Malekar,kolhapur@gmail.com,,,1111111111,1
Sanjay Ghodawat Group ,6,"Star  House, PL. No. 438, Post Box No. 118, 
Jaisingpur - , Dist. Kolhapur, 
",48,327,kolhapur,110,,Vasim Shayannavar,kolhapur@gmail.com,,,1111111111,1
Sanofi Pasteur India Pvt. Ltd.,6,"A-101/102, Business Square, Chakala,
Andheri-Kurla Road, Andheri (E),
Mumbai - 
",48,327,Mumbai,110,400093,Vasim Shayannavar,kolhapur@gmail.com,,,1111111111,1
Saroj Foundry Pvt. Ltd.,6,"Shiroli MICD, Kolhapur",49,327,kolhapur,110,,Rahul Malekar,kolhapur@gmail.com,,,1111111111,1
Saurer Textiles Solutions Pvt. Ltd.,6,"1002, Peninsula Tower, Ganpat Rao Kadam Marg, Lower Parel (W), Mumbai",48,327,Mumbai,110,,Vasim Shayannavar,kolhapur@gmail.com,,,1111111111,1
SB Multimedia Pvt. Ltd.,6,"Gat No. 582, Pune-Nagar Road,
Koregaon Bhima, Tal. Shirur,
Pune-
",49,327,Pune,110,412216,Rahul Malekar,kolhapur@gmail.com,,,1111111111,1
SBI,6,Kolhapur,48,327,kolhapur,110,,Vasim Shayannavar,kolhapur@gmail.com,,,1111111111,1
Seco Tool India (P) Ltd.,6,"Gat No. 582, Pune-Nagar Road,
Koregaon Bhima, Tal. Shirur,
Pune-
",48,327,Pune,110,412216,Vasim Shayannavar,kolhapur@gmail.com,,,1111111111,1
Shantaram Machinaries Pvt. Ltd.,6,Gokul Shirgaon; M.I.D.C.,49,327,Shirgaon,110,,Rahul Malekar,kolhapur@gmail.com,,,1111111111,1
Sharp Sales,6,"Shop No. 2,3,4,5 Jotiba Phule Apartment,
Rankala Park, Kolhapur
",49,327,Kolhapur,110,,Rahul Malekar,kolhapur@gmail.com,,,1111111111,1
Shimpukade Group Of Industries,6,Gokul Shirgaon; M.I.D.C.,49,327,Kolhapur,110,,Rahul Malekar,kolhapur@gmail.com,,,1111111111,1
Shivaji University,6,"Old P.B. Road, Kolhapur",49,327,Kolhapur,110,,Rahul Malekar,kolhapur@gmail.com,,,1111111111,1
Shoppers Stop Limited.,6,Kolhapur,48,327,Kolhapur,110,,Vasim Shayannavar,kolhapur@gmail.com,,,1111111111,1
SHREE CEMENT LTD,6,Pune,48,327,Pune,110,,Vasim Shayannavar,kolhapur@gmail.com,,,1111111111,1
SHREE PLAN YOUR JOURNEY PVT LTD,6,"Raheja Centre, 206, Free Press Journal Marg, Nariman Point, Mumbai, Maharashtra",49,327,Mumbai,110,400021,Rahul Malekar,kolhapur@gmail.com,,,1111111111,1
Shreem Electric Ltd,6,Kolhapur,49,327,Kolhapur,110,,Rahul Malekar,kolhapur@gmail.com,,,1111111111,1
Shri Warana Minerals India Pvt. Ltd.,6,"15, Morvi House, 1st Floor, 28/30, Goa Street,
Ballard Estate, Mumbai -
",49,327,Mumbai,110,400038,Rahul Malekar,kolhapur@gmail.com,,,1111111111,1
Shriram Foundry Pvt.Ltd,6,MIDC Kolhapur,49,327,Kolhapur,110,,Rahul Malekar,kolhapur@gmail.com,,,1111111111,1
Siemens Ltd. (Heathcare Sector),6,"Imaging and therapy division
Tower B/701-705, ICC Trade Tower 403A, 
Senapati Bapat Road,  Pune.
",49,327,Pune,110, 411 016,Rahul Malekar,kolhapur@gmail.com,,,1111111111,1
Sindicatum Carbon Capital India Pvt.Ltd.,6,"Suite 23 A & B, ‘The Lodhi’, Lodhi road,
New Delhi - 
",49,,New Delhi,110,110003,Rahul Malekar,kolhapur@gmail.com,,,1111111111,1
SINTO BHARAT MANUFACTURING PVT LTD,6,"No:1187/35, Shreekrupa Bungalow, near Modern High School, Shivajinagar, Pune, Maharashtra",48,327,Pune,110,411005,Vasim Shayannavar,kolhapur@gmail.com,,,1111111111,1
SLK GLOBAL BPO SERVICES PVT.LTD.,6,"3rd & 4th Floor, “Karveer Nivasini Tower”
C.S. No. 1029A, 1029B/1, ‘E’ Ward
Gavat Mandai, Shahupuri, Kolhapur
",48,327,Kolhapur,110,,Vasim Shayannavar,kolhapur@gmail.com,,,1111111111,1
SMARTCHEM TECHNOLOGIES LTD,6,"Yerawada, opp. Golf Course, Pune, Maharashtra ",48,327,Pune,110,411006,Vasim Shayannavar,kolhapur@gmail.com,,,1111111111,1
Soktas India Pvt Ltd,6,"MIDC 5 STAR, Kagal, Kolhapur",48,327,Kolhapur,110,,Vasim Shayannavar,kolhapur@gmail.com,,,1111111111,1
Sony India Pvt. Ltd.,6,Pune,48,327,Pune,110,,Vasim Shayannavar,kolhapur@gmail.com,,,1111111111,1
SOUND CASTING PVT LTD,6,Kolhapur,48,327,Kolhapur,110,,Vasim Shayannavar,kolhapur@gmail.com,,,1111111111,1
SPECTRUM CUTTING SOLUTIONS PVT LTD,6,"Ujalaiwadi, Kolhapur, Maharashtra ",48,327,Kolhapur,110,,Vasim Shayannavar,kolhapur@gmail.com,,,1111111111,1
State Bank of India (Tresary Branch),6,"B4-B8, Royal Prestige, 
Sykes Extn E ward Rajarampuri road,
 Kolhapur. Maharashtra - 
",49,327,Kolhapur,110,416 001,Rahul Malekar,kolhapur@gmail.com,,,1111111111,1
Sudarshan Jeans (P) Ltd.,6,"MIDC 5 STAR, Kolhapur",49,327,Kolhapur,110,,Rahul Malekar,kolhapur@gmail.com,,,1111111111,1
"Sundial Mining & Metals LLP,",6,Bangalore,49,324,Bangalore,110,,Rahul Malekar,kolhapur@gmail.com,,,1111111111,1
Sunpharma,6,Pune,48,327,Pune,110,,Vasim Shayannavar,kolhapur@gmail.com,,,1111111111,1
Suzuki Motorcycle India Limited,6,"2nd Floor, Plot No. 1,
Nelson Mandela Road, Vasant Kunj,
New Delhi -
",48,,New Delhi,110,110 070,Vasim Shayannavar,kolhapur@gmail.com,,,1111111111,1
Swift Enterprises Pvt. Ltd.,6,Jaysingh,49,327,Kolhapur,110,,Rahul Malekar,kolhapur@gmail.com,,,1111111111,1
SYNERGY GREEN INDUSTRIES,6,KolHAPUR,48,327,Kolhapur,110,,Vasim Shayannavar,kolhapur@gmail.com,,,1111111111,1
Syngenta India Limited,6,"Baner Rd, Baner, Pune,
Maharashtra 
",48,327,pune,110,411045,Vasim Shayannavar,kolhapur@gmail.com,,,1111111111,1
Tara Industries,6,Gokul Shirgaon; M.I.D.C.,49,327,Kolhapur,110,,Rahul Malekar,kolhapur@gmail.com,,,1111111111,1
Tata Motors Ltd,6,"Area Office Kolhapur, F1, First Floor, Malti Tower,
Tarabai Park, Kolhapur-
",48,327,Kolhapur,110,416003,Vasim Shayannavar,kolhapur@gmail.com,,,1111111111,1
TATHASTU INFRASTRUCTURE,6,Kolhapur,49,327,Kolhapur,110,,Rahul Malekar,kolhapur@gmail.com,,,1111111111,1
Tejas International Pvt Ltd,6,"3#4 , Prem Palace , New Telco Rd. Pimpri, Pune",48,327,pune,110,411018,Vasim Shayannavar,kolhapur@gmail.com,,,1111111111,1
Tessitura Monti India Pvt. Ltd.,6,KOLHAPUR,49,327,Kolhapur,110,,Rahul Malekar,kolhapur@gmail.com,,,1111111111,1
TETRAPAK /TOYOTA KIRLOSKAR,6,RFP,48,327,Kolhapur,110,,Vasim Shayannavar,kolhapur@gmail.com,,,1111111111,1
TEXNIC SERVICES,6,Pune,48,327,pune,110,,Vasim Shayannavar,kolhapur@gmail.com,,,1111111111,1
THE NEW BALL BEARING,6,Kolhapur,48,327,Kolhapur,110,,Vasim Shayannavar,kolhapur@gmail.com,,,1111111111,1
Tirth Developers,6,"356 E, Tirth Plaza, 1st Floor, Station Road,
Opp. Hotel Gokul, Shahupuri, Kolhapur.
",49,327,Kolhapur,110,,Rahul Malekar,kolhapur@gmail.com,,,1111111111,1
TORRENT PHARMA,6,RFP,48,327,Kolhapur,110,,Vasim Shayannavar,kolhapur@gmail.com,,,1111111111,1
Tough Casting Pvt. Ltd.,6,"Shiroli MICD, Kolhapur",49,327,Kolhapur,110,,Rahul Malekar,kolhapur@gmail.com,,,1111111111,1
Toyota Kirloskar Motor Pvt. Ltd.,6,"12th Floor, Lotus Business Park,
Opp. Fun Republic, Off Link Road,
Andheri (W), Mumbai -
",48,327,mumbai,110,400503,Vasim Shayannavar,kolhapur@gmail.com,,,1111111111,1
Tulip Casting Pvt. Ltd.,6,"Shiroli MICD, Kolhapur",49,327,Kolhapur,110,,Rahul Malekar,kolhapur@gmail.com,,,1111111111,1
Tungaloy India Pvt. Ltd.,6,"Unit # 13, B wing, 8th floor, Kamala Mills Compound,
Trade World, Lower Parel (West), Mumbai –. 
",48,327,mumbai,110, 4000 13,Vasim Shayannavar,kolhapur@gmail.com,,,1111111111,1
TVS Motor Company Ltd.,6,"Jiwani Mansion, GAT No: 2347/B/2/3,
Opp. Talera Warehouse, Pune – Nagar Rd.,
Wagholi, Taluka: Haveli, Pune –
",48,327,pune,110,412207,Vasim Shayannavar,kolhapur@gmail.com,,,1111111111,1
UltraTech Cement Ltd.,6,"C/o. M/s. Karwa Agencies, Parag Commercial Arcade,
596/1 ‘E’ Ward, 1st Lane, Shahupuri, Kolhapur
",49,327,Kolhapur,110,,Rahul Malekar,kolhapur@gmail.com,,,1111111111,1
UNICHEM LABORATORIES LTD,6,MIDC Kolhapur,48,327,Kolhapur,110,,Vasim Shayannavar,kolhapur@gmail.com,,,1111111111,1
Uninor Telewings Comm Services Pvt. Ltd.,6,"Level 5, Tower S – 4, Cybercity,
Behind Tower 6, Magarpatta City,
Pune -
",48,327,pune,110,411013,Vasim Shayannavar,kolhapur@gmail.com,,,1111111111,1
UPL Ltd.,6,"Fortune Plaza, Sr. No. 123, Sasane Nagar,
Near Railway Crossing, Mohammedwadi Road,
Hadaspur, Pune -
",48,327,pune,110,411028,Vasim Shayannavar,kolhapur@gmail.com,,,1111111111,1
USV Ltd.,6,"Arvind Vithal Gandhi Chowk, BSD Marg,
Govandi, Mumbai -
",48,327,Mumbai,110,400088,Vasim Shayannavar,kolhapur@gmail.com,,,1111111111,1
V & M Toolings Pvt. Ltd.(Sandvik),6,Pune,49,327,Kolhapur,110,,Rahul Malekar,kolhapur@gmail.com,,,1111111111,1
V Supply Chain Pvt. Ltd.,6,"23, Mallikarjun Avenue, Koppikar Road,
Hubli - 
",49,327,Kolhapur,110,580020,Rahul Malekar,kolhapur@gmail.com,,,1111111111,1
Versatile Engineers,6,"Shiroli MICD, Kolhapur",49,327,Kolhapur,110,,Rahul Malekar,kolhapur@gmail.com,,,1111111111,1
Vinar System pvt ltd,6,Kolhapur,48,327,Kolhapur,110,,Vasim Shayannavar,kolhapur@gmail.com,,,1111111111,1
VLCC Personal Care Ltd.,6,"64, HSIDC, Sector – 18,
Maruti Industrial Area, Gurgaon,
Haryana, India
",48,327,haryana,110,,Vasim Shayannavar,kolhapur@gmail.com,,,1111111111,1
Vodafone Cellular Ltd.,6,KOLHAPUR,48,327,Kolhapur,110,,Vasim Shayannavar,kolhapur@gmail.com,,,1111111111,1
VOLVO,6,Pune,48,327,pune,110,,Vasim Shayannavar,kolhapur@gmail.com,,,1111111111,1
WABCO MOBILIZING VEHICLE ,6,Chennai,48,327,Chennai,110,,Vasim Shayannavar,kolhapur@gmail.com,,,1111111111,1
Walter Tools India Pvt. Ltd.,6,"India Land Industrial Park, Phase-1,
S. No. 234, 235 & 245 Hinjewadi,
Pune - 
",48,327,pune,110,411057,Vasim Shayannavar,kolhapur@gmail.com,,,1111111111,1
Western Maharashtra Chamber ,6,"Shahpuri, KOLHAPUR",49,327,Kolhapur,110,,Rahul Malekar,kolhapur@gmail.com,,,1111111111,1
Widia Products Group ,6,"209-210 Zenith Complex  
K M Gandhi Path |Shivajinagar
Pune –, INDIA
",48,327,pune,110,411005,Vasim Shayannavar,kolhapur@gmail.com,,,1111111111,1
Wilo,6,MIDC Kolhapur,49,327,Kolhapur,110,,Rahul Malekar,kolhapur@gmail.com,,,1111111111,1
Wipro Ge Healthcare,6,Pune,48,327,Pune,110,,Vasim Shayannavar,kolhapur@gmail.com,,,1111111111,1
WNT ,6,Pune,48,327,Pune,110,,Vasim Shayannavar,kolhapur@gmail.com,,,1111111111,1
Xynteo India pvt ltd,6,Kolhapur,49,327,Kolhapur,110,,Rahul Malekar,kolhapur@gmail.com,,,1111111111,1
YAMAZAKI MAJAK INDIA PVT LTD,6,Kolhapur,49,327,Kolhapur,110,,Rahul Malekar,kolhapur@gmail.com,,,1111111111,1
Yes Bank,6,"Kawala Naked, Kolhapur",49,327,Kolhapur,110,,Rahul Malekar,kolhapur@gmail.com,,,1111111111,1
Zuventus Healhcare Ltd.,6,"Off. No. 5119, 5th Floor, D Wing, OberoiGarden Estates, Chandivali, Andheri (E), Mumbai
",49,327, Mumbai,110,,Rahul Malekar,kolhapur@gmail.com,,,1111111111,1
Abinbev India Ltd,6,Bengaluru,48,324,Bengaluru,110,,Vasim Shayannavar,kolhapur@gmail.com,,,1111111111,1
BFW,6," PimPri, Pune",48,327,Pune,110,,Vasim Shayannavar,kolhapur@gmail.com,,,1111111111,1
Chatarpati Mines And Minerals,6,Kolhapur,49,327,Kolhapur,110,,Rahul Malekar,kolhapur@gmail.com,,,1111111111,1
Coromandel International ,6,Kolhapur,49,327,Kolhapur,110,,Rahul Malekar,kolhapur@gmail.com,,,1111111111,1
DBS Chemicals,6,Sadashiv Peth Pune,48,327,Pune,110,,Vasim Shayannavar,kolhapur@gmail.com,,,1111111111,1
DiagnoSearch Life Science Pvt Ltd,6,Thane,48,327,Pune,110,,Vasim Shayannavar,kolhapur@gmail.com,,,1111111111,1
Dover India Ltd,6,Kothrud Pune,48,327,Pune,110,,Vasim Shayannavar,kolhapur@gmail.com,,,1111111111,1
Eno Lite Technologies Pvt Ltd,6,Bhiwandi,48,327,Kolhapur,110,,Vasim Shayannavar,kolhapur@gmail.com,,,1111111111,1
Gadia Exports,6,"satara road, pune",48,327, pune,110,,Vasim Shayannavar,kolhapur@gmail.com,,,1111111111,1
India Kawasaki Motors Private Limited,6,Pune,49,327,Kolhapur,110,,Rahul Malekar,kolhapur@gmail.com,,,1111111111,1
John Deere Financial India Private Limited,6,Pune satara road,49,327, pune,110,,Rahul Malekar,kolhapur@gmail.com,,,1111111111,1
KSB Limited,6,"Old mumbai highway, Pune",48,327,Pune,110,,Vasim Shayannavar,kolhapur@gmail.com,,,1111111111,1
Mahindra Rural Housing Finance,6,"Tarabai park, kolhapur",48,327,Kolhapur,110,,Vasim Shayannavar,kolhapur@gmail.com,,,1111111111,1
Maruti Cotex Limited,6,Kolhapur,48,327,Kolhapur,110,,Vasim Shayannavar,kolhapur@gmail.com,,,1111111111,1
MG Motor India Private Limited,6,Kolhapur,48,327,Kolhapur,110,,Vasim Shayannavar,kolhapur@gmail.com,,,1111111111,1
MMC Hardmetal India Pvt Ltd,6,Pune,48,327,Pune,110,,Vasim Shayannavar,kolhapur@gmail.com,,,1111111111,1
Motherson Techno Tools Limited,6,Pune,49,327,Kolhapur,110,,Rahul Malekar,kolhapur@gmail.com,,,1111111111,1
NRP Projects Pvt Ltd,6,Tamilnadu,49,336,Kolhapur,110,,Rahul Malekar,kolhapur@gmail.com,,,1111111111,1
Ras Electricals,6," Shorapur, Karnataka",49,324,Kolhapur,110,,Rahul Malekar,kolhapur@gmail.com,,,1111111111,1
Saspack Ventures Private Limited,6,"Panhala, Kolhapur",48,327,Kolhapur,110,,Vasim Shayannavar,kolhapur@gmail.com,,,1111111111,1
Seeta Travels,6,KolHAPUR,49,327,Kolhapur,110,,Rahul Malekar,kolhapur@gmail.com,,,1111111111,1
Tata Sky,6,Kolhapur,49,327,Kolhapur,110,,Rahul Malekar,kolhapur@gmail.com,,,1111111111,1
Tetra Pak India Pvt Ltd,6,Chakan Pune,48,327, Pune,110,,Vasim Shayannavar,kolhapur@gmail.com,,,1111111111,1
thyssenkrupp Industries India Pvt Ltd,6,"Pimpri, Pune",48,327, Pune,110,,Vasim Shayannavar,kolhapur@gmail.com,,,1111111111,1
Ursmartspoc A Unit Of B H & Company,6,Bengaluru,48,324,Bengaluru,110,,Vasim Shayannavar,kolhapur@gmail.com,,,1111111111,1
Valveworks India,6,Kagal Kolhapur,48,327,Kolhapur,110,,Vasim Shayannavar,kolhapur@gmail.com,,,1111111111,1
Varroc Polymers Pvt. Ltd.,6,"Bhamboli, Pune",48,327,Pune,110,,Vasim Shayannavar,kolhapur@gmail.com,,,1111111111,1
Wipro Enterprises Pvt Ltd,6,Pune,48,327,Pune,110,,Vasim Shayannavar,kolhapur@gmail.com,,,1111111111,1
ZF India Private Limited,6,Chakan Pune,48,327,Pune,110,,Vasim Shayannavar,kolhapur@gmail.com,,,1111111111,1
Titan Company Limited,6,Dasra Chouk Kolhapur,48,327,Kolhapur,110,,Vasim Shayannavar,kolhapur@gmail.com,,,1111111111,1
Schaeffler India Pvt Ltd,6,"Baner, Pune",48,327,Pune,110,,Vasim Shayannavar,kolhapur@gmail.com,,,1111111111,1
"Sanzyme (P) Ltd,Hyderabad",6,Hyderabad,48,327,Kolhapur,110,,Vasim Shayannavar,kolhapur@gmail.com,,,1111111111,1
Fuelcraft Solutions Private Limited,6,Mumbai,48,327,Kolhapur,110,,Vasim Shayannavar,kolhapur@gmail.com,,,1111111111,1
Xylem Water Solutions (I) Pvt Ltd,6, Pune,48,327,Pune,110,,Vasim Shayannavar,kolhapur@gmail.com,,,1111111111,1
Kawasaki Heavy Industries Limited,6,Pune,48,327,Pune,110,,Vasim Shayannavar,kolhapur@gmail.com,,,1111111111,1
NHAI,6,Kolhapur,48,327,Kolhapur,110,,Vasim Shayannavar,kolhapur@gmail.com,,,1111111111,1
Adani Wilmar Ltd,6,"Shiroli, Kolhapur",48,327,Kolhapur,110,,Vasim Shayannavar,kolhapur@gmail.com,,,1111111111,1
Continental India Pvt. Ltd.,6,Pune,48,327,Pune,110,,Vasim Shayannavar,kolhapur@gmail.com,,,1111111111,1
SBI General Insurance Company Ltd,6,Kolhapur,48,327,Kolhapur,110,,Vasim Shayannavar,kolhapur@gmail.com,,,1111111111,1
GE Renewable Energy,6,Pune,48,327,Kolhapur,110,,Vasim Shayannavar,kolhapur@gmail.com,,,1111111111,1
Max Life Insurance,6,Kolhapur,48,327,Kolhapur,110,,Vasim Shayannavar,kolhapur@gmail.com,,,1111111111,1
Kohler Power  India Pvt Ltd,6,pune,48,327,Pune,110,,Vasim Shayannavar,kolhapur@gmail.com,,,1111111111,1
Morning Star Shipping & Trading Pvt Ltd,6,Navi Mumbai,48,327,Kolhapur,110,,Vasim Shayannavar,kolhapur@gmail.com,,,1111111111,1
SKF India Ltd,6,Kolhapur,48,327,Kolhapur,110,,Vasim Shayannavar,kolhapur@gmail.com,,,1111111111,1
FMC India,6,Pune,48,327,Pune,110,,Vasim Shayannavar,kolhapur@gmail.com,,,1111111111,1
Nistul Machines Pvt Ltd,6,Pune,48,327,Pune,110,,Vasim Shayannavar,kolhapur@gmail.com,,,1111111111,1
Voltas Ltd,6,Pune,48,327,Pune,110,,Vasim Shayannavar,kolhapur@gmail.com,,,1111111111,1
Henkel Adhesive Technologies India Pvt Ltd,6,"Pimpri, Pune",48,327,Pune,110,,Vasim Shayannavar,kolhapur@gmail.com,,,1111111111,1
Accent Industries Limited,6,Mumbai,48,327,Mumbai,110,,Vasim Shayannavar,kolhapur@gmail.com,,,1111111111,1
KPMG India Private Limited,6,Pune,48,327,Pune,110,,Vasim Shayannavar,kolhapur@gmail.com,,,1111111111,1
Dana India,6,Chakan Pune,48,327,Pune,110,,Vasim Shayannavar,kolhapur@gmail.com,,,1111111111,1
ITC Ltd,6,Pune,48,327,Pune,110,,Vasim Shayannavar,kolhapur@gmail.com,,,1111111111,1
Samir Industries,6,Kolhapur,48,327,Kolhapur,110,,Vasim Shayannavar,kolhapur@gmail.com,,,1111111111,1
Shriram Transport Finance,6,Kolhapur,48,327,Kolhapur,110,,Vasim Shayannavar,kolhapur@gmail.com,,,1111111111,1
Aeon Commercial India Pvt Ltd,6,Pune,48,327,Pune,110,,Vasim Shayannavar,kolhapur@gmail.com,,,1111111111,1
The Dharamsi Morarji Chemical Co. Ltd.,6,Mumbai,48,327,Mumbai,110,,Vasim Shayannavar,kolhapur@gmail.com,,,1111111111,1
Hyosung T&D India Pvt Ltd,6,Pune,48,327,Pune,110,,Vasim Shayannavar,kolhapur@gmail.com,,,1111111111,1
Parle Products Private Limited,6,Nashik,48,327,Nashik,110,,Vasim Shayannavar,kolhapur@gmail.com,,,1111111111,1
Raj Petro Specialities Pvt Ltd,6,Pune,48,327,Pune,110,,Vasim Shayannavar,kolhapur@gmail.com,,,1111111111,1
The Dharamsi Morarji Chemical Co. Ltd.,6,Pune,48,327,Pune,110,,Vasim Shayannavar,kolhapur@gmail.com,,,1111111111,1
Valvoline Cummins Private Limited,6,"Sangli hwy, Herle ",48,327,Kolhapur,110,,Vasim Shayannavar,kolhapur@gmail.com,,,1111111111,1
Karl Mayer Textile Machinery India Pvt Ltd,6,Gujarat,48,327,Kolhapur,110,,Vasim Shayannavar,kolhapur@gmail.com,,,1111111111,1
Accent Industries Limited,6,Uchgaon Kolhapur,48,327,Kolhapur,110,,Vasim Shayannavar,kolhapur@gmail.com,,,1111111111,1
Liebherr India Private Limited,6,Solapur Road pune,48,327,pune,110,,Vasim Shayannavar,kolhapur@gmail.com,,,1111111111,1
Apar Industries Ltd,6,Uchgaon Kolhapur,48,327,Kolhapur,110,,Vasim Shayannavar,kolhapur@gmail.com,,,1111111111,1
Anax industries,6,Warnanager,49,327,Kolhapur,110,,Rahul Malekar,kolhapur@gmail.com,,,1111111111,1
IIT Bombay,6,Mumbai,49,327,Mumbai,110,,Rahul Malekar,kolhapur@gmail.com,,,1111111111,1
Yamazaki India,6,Kolhapur,49,327,Kolhapur,110,,Rahul Malekar,kolhapur@gmail.com,,,1111111111,1
GTPL,6,Kolhapur,49,327,Kolhapur,110,,Rahul Malekar,kolhapur@gmail.com,,,1111111111,1
Federal Bank,6,Kolhapur,49,327,Kolhapur,110,,Rahul Malekar,kolhapur@gmail.com,,,1111111111,1
cnh industrial,6,Kolhapur,49,327,Kolhapur,110,,Rahul Malekar,kolhapur@gmail.com,,,1111111111,1
Epic Yarn Private Limited,6,Kolhapur,49,327,Kolhapur,110,,Rahul Malekar,kolhapur@gmail.com,,,1111111111,1
Csber Research,6,Kolhapur,49,327,Kolhapur,110,,Rahul Malekar,kolhapur@gmail.com,,,1111111111,1
Warana Group,6,Warrnanager,49,327,Kolhapur,110,,Rahul Malekar,kolhapur@gmail.com,,,1111111111,1
Bill Tubes Ltd,6,Warrnanager,49,327,Kolhapur,110,,Rahul Malekar,kolhapur@gmail.com,,,1111111111,1
Sound Casting,6,Shiroli,49,327,Kolhapur,110,,Rahul Malekar,kolhapur@gmail.com,,,1111111111,1
New Ball Bearing,6,Pune,48,327,Pune,110,,Vasim Shayannavar,kolhapur@gmail.com,,,1111111111,1
Amazon Private Ltd,6,Pune,48,327,Pune,110,,Vasim Shayannavar,kolhapur@gmail.com,,,1111111111,1
Apollo Tyers,6,Kolhapur,49,327,Kolhapur,110,,Rahul Malekar,kolhapur@gmail.com,,,1111111111,1
FIE Limited,6,Ichalkarnaji,49,327,Kolhapur,110,,Rahul Malekar,kolhapur@gmail.com,,,1111111111,1
Wabco india,6,Pune,48,327,Pune,110,,Vasim Shayannavar,kolhapur@gmail.com,,,1111111111,1
Ratna Udyog,6,Shiroli,49,327,Kolhapur,110,,Rahul Malekar,kolhapur@gmail.com,,,1111111111,1
Makjai Limited,6,Gokul shirgaon,49,327,Kolhapur,110,,Rahul Malekar,kolhapur@gmail.com,,,1111111111,1
Afeco Heating System Pvt Ltd,6,Gokul shirgaon,49,327,Kolhapur,110,,Rahul Malekar,kolhapur@gmail.com,,,1111111111,1
Dbs Chemical,6,Kolhapur,49,327,Kolhapur,110,,Rahul Malekar,kolhapur@gmail.com,,,1111111111,1
Vector Infomatic Ltd,6,Pune,49,327,Pune,110,,Rahul Malekar,kolhapur@gmail.com,,,1111111111,1
Shriram  finance,6,Kolhapur,49,327,Kolhapur,110,,Rahul Malekar,kolhapur@gmail.com,,,1111111111,1
Shriram Transport,6,Kolhapur,49,327,Kolhapur,110,,Rahul Malekar,kolhapur@gmail.com,,,1111111111,1
Tata Hitachi,6,Pune,48,327,Pune,110,,Vasim Shayannavar,kolhapur@gmail.com,,,1111111111,1
Shubham trading ,6,Kolhapur,49,327,Kolhapur,110,,Rahul Malekar,kolhapur@gmail.com,,,1111111111,1
Sapre Auto Ltd,6,Kolhapur,49,327,Kolhapur,110,,Rahul Malekar,kolhapur@gmail.com,,,1111111111,1
Sperotec,6,Kolhapur,49,327,Kolhapur,110,,Rahul Malekar,kolhapur@gmail.com,,,1111111111,1
Tv9 Limited,6,Kolhapur,49,327,Kolhapur,110,,Rahul Malekar,kolhapur@gmail.com,,,1111111111,1
DRK College,6,Kolhapur,49,327,Kolhapur,110,,Rahul Malekar,kolhapur@gmail.com,,,1111111111,1
Database Limited,6,Kolhapur,49,327,Kolhapur,110,,Rahul Malekar,kolhapur@gmail.com,,,1111111111,1
Indus Bank,6,Kolhapur,49,327,Kolhapur,110,,Rahul Malekar,kolhapur@gmail.com,,,1111111111,1
