INDIAN OVERSEAS BANK,6,"3RD FLOOR, AIRES COMPLEX,               ",44,319,VADODARA,110,390007,VADODARA-Executive,baroda@gmail.com,,,1111111111,1
THE KARNATAKA BANK LIMITED,6,"ALKAPURI, VADODARA",44,319,VADODARA,110,390007,VADODARA-Executive,baroda@gmail.com,,,1111111111,1
PUNJAB NATIONAL BANK,6,VADODARA,44,319,VADODARA,110,390007,VADODARA-Executive,baroda@gmail.com,,,1111111111,1
STATE BANK OF INDIA,6,City: VADODARA,44,319,VADODARA,110,390007,VADODARA-Executive,baroda@gmail.com,,,1111111111,1
BANK OF BARODA,6,State: GUJARAT,44,319,VADODARA,110,390007,VADODARA-Executive,baroda@gmail.com,,,1111111111,1
IDBI BANK LTD.,6,Country: INDIA,44,319,VADODARA,110,390007,VADODARA-Executive,baroda@gmail.com,,,1111111111,1
CENTRAL BANK OF INDIA,6,"Tel #: 02652331553,9426571518",44,319,VADODARA,110,390007,VADODARA-Executive,baroda@gmail.com,,,1111111111,1
AXIS BANK LIMITED,6,Zip: 390007,44,319,VADODARA,110,390007,VADODARA-Executive,baroda@gmail.com,,,1111111111,1
KOTAK MAHINDRA BANK LTD,6,Email ID: MOHAMMEDABDULHAI@IONNET.CO.IN,44,319,VADODARA,110,390020,VADODARA-Executive,baroda@gmail.com,,,1111111111,1
HERO MOTO CORP LTD.,6,"SURYA KIRAN COMPLEX, OPROAD,            ",44,319,VADODARA,110,390020,VADODARA-Executive,baroda@gmail.com,,,1111111111,1
GAIL INDIA LIMITED,6,VADODARA,44,319,VADODARA,110,390020,VADODARA-Executive,baroda@gmail.com,,,1111111111,1
ABB INDIA LIMITED,6,City: VADODARA,44,319,VADODARA,110,390020,VADODARA-Executive,baroda@gmail.com,,,1111111111,1
BLUE STAR LTD,6,State: GUJARAT,44,319,VADODARA,110,390020,VADODARA-Executive,baroda@gmail.com,,,1111111111,1
GODREJ CONSUMER PRODUCTS LTD,6,Country: INDIA,44,319,VADODARA,110,390020,VADODARA-Executive,baroda@gmail.com,,,1111111111,1
RELIANCE INDUSTRIES LIMITED,6,"Tel #: 02652321120,9879793089",44,319,VADODARA,110,390020,VADODARA-Executive,baroda@gmail.com,,,1111111111,1
IPCA LABORATORIES LIMITED,6,Zip: 390020,44,319,VADODARA,110,390020,VADODARA-Executive,baroda@gmail.com,,,1111111111,1
ULTRATECH CEMENT LIMITED,6,Email ID: VADODARA@KTKBANK.COM,44,319,VADODARA,110,390001,VADODARA-Executive,baroda@gmail.com,,,1111111111,1
LIFE INSURANCE CORPORATION OF INDIA,6,"SARDAR BHAVAN LANE, RAOPURA,            ",44,319,VADODARA,110,390001,VADODARA-Executive,baroda@gmail.com,,,1111111111,1
COROMANDEL INTERNATIONAL LTD.,6,VADODARA,44,319,VADODARA,110,390001,VADODARA-Executive,baroda@gmail.com,,,1111111111,1
PNB HOUSING FINANCE LTD,6,City: VADODARA,44,319,VADODARA,110,390001,VADODARA-Executive,baroda@gmail.com,,,1111111111,1
RELIANCE NIPPON LIFE INSURANCE COMPANY LIMITED,6,State: GUJARAT,44,319,VADODARA,110,390001,VADODARA-Executive,baroda@gmail.com,,,1111111111,1
JET AIRWAYS INDIA LIMITED,6,Country: INDIA,44,319,VADODARA,110,390001,VADODARA-Executive,baroda@gmail.com,,,1111111111,1
AIRPORT AUTHORITY OF INDIA,6,"Tel #: 2652415032,8687709934",44,319,VADODARA,110,390001,VADODARA-Executive,baroda@gmail.com,,,1111111111,1
MAGMA FINCORP LIMITED,6,Zip: 390001,44,319,VADODARA,110,390001,VADODARA-Executive,baroda@gmail.com,,,1111111111,1
KEC INTERNATIONAL LTD,6,Email ID: BSINGH@PNB.COM,44,319,VADODARA,110,390005,VADODARA-Executive,baroda@gmail.com,,,1111111111,1
THE SUPREME INDUSTRIES LTD,6,"ZONAL OFFICE, 6TH FLOOR,                ",44,319,VADODARA,110,390005,VADODARA-Executive,baroda@gmail.com,,,1111111111,1
THE INSTITUTE OF COMPANY SECRETARIES OF INDIA,6,"PARADISE COMPLEX, SAYAJIGUNJ",44,319,VADODARA,110,390005,VADODARA-Executive,baroda@gmail.com,,,1111111111,1
SBI LIFE INSURANCE COMPANY LIMITED,6,"BEHIND HAVMOR HOTEL, NR. KALAG",44,319,VADODARA,110,390005,VADODARA-Executive,baroda@gmail.com,,,1111111111,1
DB CORP LIMITED,6,HODA,44,319,VADODARA,110,390005,VADODARA-Executive,baroda@gmail.com,,,1111111111,1
WALLACE PHARMACEUTICALS PVT LTD,6,City: VADODARA,44,319,VADODARA,110,390005,VADODARA-Executive,baroda@gmail.com,,,1111111111,1
SIGNET INDUSTRIES LTD,6,State: GUJARAT,44,319,VADODARA,110,390005,VADODARA-Executive,baroda@gmail.com,,,1111111111,1
CHOLAMANDALAM MS GENERAL INSURANCE COMPANY LTD,6,Country: INDIA,44,319,VADODARA,110,390005,VADODARA-Executive,baroda@gmail.com,,,1111111111,1
HDFC ASSET MANAGEMENT CO.LTD.,6,"Tel #: ,8511192368",44,319,VADODARA,110,390005,VADODARA-Executive,baroda@gmail.com,,,1111111111,1
BAJAJ ALLIANZ LIFE INSURANCE COMPANY LTD,6,Zip: 390005,44,319,VADODARA,110,390005,VADODARA-Executive,baroda@gmail.com,,,1111111111,1
BERGER PAINTS INDIA LTD.,6,Email ID: RAJNISH.JHA@SBI.CO.IN,44,319,VADODARA,110,390006,VADODARA-Executive,baroda@gmail.com,,,1111111111,1
FINOLEX INDUSTRIES  LIMITED,6,"5th FLOOR, BANK OF BARODA,              ",44,319,VADODARA,110,390006,VADODARA-Executive,baroda@gmail.com,,,1111111111,1
IFFCO TOCKIO GENERAL INSU CO. LTD.,6,"SURAJ PLAZA-III, SAYAJI GUNJ",44,319,VADODARA,110,390006,VADODARA-Executive,baroda@gmail.com,,,1111111111,1
ICICI PRUDENTIAL LIFE INSURANCE CO. LTD.,6,VADODARA,44,319,VADODARA,110,390006,VADODARA-Executive,baroda@gmail.com,,,1111111111,1
CEAT LIMITED,6,City: VADODARA,44,319,VADODARA,110,390006,VADODARA-Executive,baroda@gmail.com,,,1111111111,1
GRASIM INDUSTRIES LTD,6,State: GUJARAT,44,319,VADODARA,110,390006,VADODARA-Executive,baroda@gmail.com,,,1111111111,1
BUREAU VERITAS (INDIA) PVT INDIA,6,Country: INDIA,44,319,VADODARA,110,390006,VADODARA-Executive,baroda@gmail.com,,,1111111111,1
FOOD CORPORATION OF INDIA,6,"Tel #: ,9770682009",44,319,VADODARA,110,390006,VADODARA-Executive,baroda@gmail.com,,,1111111111,1
SBI GENERAL INSURANCE COMPANY LIMITED,6,Zip: 390006,44,319,VADODARA,110,390006,VADODARA-Executive,baroda@gmail.com,,,1111111111,1
BHARTI AXA GENERAL INSURANCE COMPANY LTD,6,Email ID: MKTG.BARODA@BANKOFBARODA.COM,44,319,VADODARA,110,390007,VADODARA-Executive,baroda@gmail.com,,,1111111111,1
INDIAN FARMERS FERTI CO-OP LTD (IFFCO),6,"46-A, GARG PLAZA, GAUTAM NAGAR          ",44,319,VADODARA,110,390007,VADODARA-Executive,baroda@gmail.com,,,1111111111,1
SBI FUNDS MANAGEMENT PVT LTD,6,"SOCIETY, NR MGVCL, RACE COURSE",44,319,VADODARA,110,390007,VADODARA-Executive,baroda@gmail.com,,,1111111111,1
DAIKIN AIR CONDITIONING INDIA PVT LTD,6,"CIRCLE, VADODARA",44,319,VADODARA,110,390007,VADODARA-Executive,baroda@gmail.com,,,1111111111,1
NATIONAL ENGINEERING INDUSTRIES LTD,6,City: VADODARA,44,319,VADODARA,110,390007,VADODARA-Executive,baroda@gmail.com,,,1111111111,1
CONTAINER CORP. OF INDIA LTD.,6,State: GUJARAT,44,319,VADODARA,110,390007,VADODARA-Executive,baroda@gmail.com,,,1111111111,1
CHOLAMANDALAM INVESTMENT AND FINANCE COMPANY LIMITED,6,Country: INDIA,44,319,VADODARA,110,390007,VADODARA-Executive,baroda@gmail.com,,,1111111111,1
PGP GLASS PRIVATE LIMITED,6,"Tel #: 02656455070,7227999555",44,319,VADODARA,110,390007,VADODARA-Executive,baroda@gmail.com,,,1111111111,1
SABIC INNOVATIVE PLASTICS INDIA PVT LTD,6,Zip: 390007,44,319,VADODARA,110,390007,VADODARA-Executive,baroda@gmail.com,,,1111111111,1
TRANSWORLD FURTICHEM PRIVATE LIMITED,6,Email ID: ROHIT.GIPTA@IDBI.COM,44,319,VADODARA,110,390001,VADODARA-Executive,baroda@gmail.com,,,1111111111,1
TOTO INDIA INDUSTRIES PVT LTD,6,"2ND FLOOR, PRATIK CHAMBERS,             ",44,319,VADODARA,110,390001,VADODARA-Executive,baroda@gmail.com,,,1111111111,1
VOITH HYDRO PVT LTD,6,"DANDIA BAZAR, VADODARA",44,319,VADODARA,110,390001,VADODARA-Executive,baroda@gmail.com,,,1111111111,1
RAYMOND LIMITED,6,VADODARA,44,319,VADODARA,110,390001,VADODARA-Executive,baroda@gmail.com,,,1111111111,1
JK LAKSHMI CEMENT LIMITED,6,City: VADODARA,44,319,VADODARA,110,390001,VADODARA-Executive,baroda@gmail.com,,,1111111111,1
JUBILANT INGREVIA LIMITED,6,State: GUJARAT,44,319,VADODARA,110,390001,VADODARA-Executive,baroda@gmail.com,,,1111111111,1
CLARIANT CHEMICALS INDIA LTD.,6,Country: INDIA,44,319,VADODARA,110,390001,VADODARA-Executive,baroda@gmail.com,,,1111111111,1
UNION BANK OF INDIA,6,"Tel #: 02652438269,9638280915",44,319,VADODARA,110,390001,VADODARA-Executive,baroda@gmail.com,,,1111111111,1
APOLLO TYRES LTD,6,Zip: 390001,44,319,VADODARA,110,390001,VADODARA-Executive,baroda@gmail.com,,,1111111111,1
PI INDUSTRIES LIMITED,6,Email ID: HINDIBARORO@CENTRALBANK.CO.IN,44,319,VADODARA,110,390021,VADODARA-Executive,baroda@gmail.com,,,1111111111,1
RELIANCE CAPITAL LTD.,6,"ANUPUSHPAM COMPLEX, GOTRI               ",44,319,VADODARA,110,390021,VADODARA-Executive,baroda@gmail.com,,,1111111111,1
HONDA MOTORCYCLE & SCOOTER INDIA PVT LTD,6,VADODARA,44,319,VADODARA,110,390021,VADODARA-Executive,baroda@gmail.com,,,1111111111,1
AMCOR FLEXIBLES INDIA PRIVATE LIMITED,6,City: VADODARA,44,319,VADODARA,110,390021,VADODARA-Executive,baroda@gmail.com,,,1111111111,1
BAJAJ CAPITAL LTD,6,State: GUJARAT,44,319,VADODARA,110,390021,VADODARA-Executive,baroda@gmail.com,,,1111111111,1
BHARAT PETROLEUM CORPORATION LTD,6,Country: INDIA,44,319,VADODARA,110,390021,VADODARA-Executive,baroda@gmail.com,,,1111111111,1
BOSCH LTD,6,"Tel #: 02652370682,8460516337",44,319,VADODARA,110,390021,VADODARA-Executive,baroda@gmail.com,,,1111111111,1
BRAKES INDIA PRIVATE LIMITED,6,Zip: 390021,44,319,VADODARA,110,390021,VADODARA-Executive,baroda@gmail.com,,,1111111111,1
CADILA HEALTHCARE LTD,6,Email ID: ARVIND13.SINGH@AXISBANK.COM,44,319,VADODARA,110,390007,VADODARA-Executive,baroda@gmail.com,,,1111111111,1
CITI BANK,6,"137, SIDDHARTH COMPLEX, RC DUTT         ",44,319,VADODARA,110,390007,VADODARA-Executive,baroda@gmail.com,,,1111111111,1
GEA PROCESS ENGINEERING INDIA PVT LTD,6,"ROAD, ARADHNA SOCIETY,",44,319,VADODARA,110,390007,VADODARA-Executive,baroda@gmail.com,,,1111111111,1
HONEYWELL AUTOMATION INDIA LTD,6,"VISHWAS COLONY, ALKAPURI",44,319,VADODARA,110,390007,VADODARA-Executive,baroda@gmail.com,,,1111111111,1
IDEX INDIA PVT LTD,6,VADODARA,44,319,VADODARA,110,390007,VADODARA-Executive,baroda@gmail.com,,,1111111111,1
INDIAN OIL CORPORATION LIMITED,6,City: VADODARA,44,319,VADODARA,110,390007,VADODARA-Executive,baroda@gmail.com,,,1111111111,1
KERAKOLL INDIA PVT LTD.,6,State: GUJARAT,44,319,VADODARA,110,390007,VADODARA-Executive,baroda@gmail.com,,,1111111111,1
LARSEN & TOUBRO LIMITED,6,Country: INDIA,44,319,VADODARA,110,390007,VADODARA-Executive,baroda@gmail.com,,,1111111111,1
LINDE ENGINEERING INDIA PVT LTD,6,"Tel #: 02656648444,9726417269",44,319,VADODARA,110,390007,VADODARA-Executive,baroda@gmail.com,,,1111111111,1
LUCY ELECTRIC MANUFACTURING & TECHNOLOGIES INDIA PVT LTD,6,Zip: 390007,44,319,VADODARA,110,390007,VADODARA-Executive,baroda@gmail.com,,,1111111111,1
NETAFIM IRRIGATION INDIA PRIVATE LIMITED,6,Email ID: ABHISHEK.SALUNKE@KOTAK.COM,44,319,VADODARA,110,390023,VADODARA-Executive,baroda@gmail.com,,,1111111111,1
POWER GRID CORPORATION OF INDIA,6,"603-604, GUNJAN TOWER, OPP.             ",44,319,VADODARA,110,390023,VADODARA-Executive,baroda@gmail.com,,,1111111111,1
ASIAN PAINTS PPG PRIVATE LIMITED,6,"ALEMBIC GORWA, VADODARA",44,319,VADODARA,110,390023,VADODARA-Executive,baroda@gmail.com,,,1111111111,1
SANOFI INDIA LIMITED,6,City: VADODARA,44,319,VADODARA,110,390023,VADODARA-Executive,baroda@gmail.com,,,1111111111,1
SCHNEIDER ELECTRIC INDIA PRIVATE LIMITED,6,State: GUJARAT,44,319,VADODARA,110,390023,VADODARA-Executive,baroda@gmail.com,,,1111111111,1
SCHOTT KAISHA PRIVATE LIMITED,6,Country: INDIA,44,319,VADODARA,110,390023,VADODARA-Executive,baroda@gmail.com,,,1111111111,1
THERMAX LIMITED,6,"Tel #: 02652286569,9898350755",44,319,VADODARA,110,390023,VADODARA-Executive,baroda@gmail.com,,,1111111111,1
TJSB SAHAKARI BANK LTD,6,Zip: 390023,44,319,VADODARA,110,390023,VADODARA-Executive,baroda@gmail.com,,,1111111111,1
TRANS AGRO INDIA PVT. LTD,6,Email ID: MANDAR.KULABKAR@HEROMOTOCORP.COM,44,319,VADODARA,110,390007,VADODARA-Executive,baroda@gmail.com,,,1111111111,1
XYLEM WATER SOLUTIONS INDIA PRIVATE LIMITED,6,"OPP ROAD, NR. MANISHA CIRCLE            ",44,319,VADODARA,110,390007,VADODARA-Executive,baroda@gmail.com,,,1111111111,1
THE SOUTH INDIAN BANK LIMITED,6,VADODARA,44,319,VADODARA,110,390007,VADODARA-Executive,baroda@gmail.com,,,1111111111,1
VASU HEALTHCARE PVT LTD,6,City: VADODARA,44,319,VADODARA,110,390007,VADODARA-Executive,baroda@gmail.com,,,1111111111,1
LUPIN LIMITED,6,State: GUJARAT,44,319,VADODARA,110,390007,VADODARA-Executive,baroda@gmail.com,,,1111111111,1
TORRENT PHARMACEUTICALS LTD,6,Country: INDIA,44,319,VADODARA,110,390007,VADODARA-Executive,baroda@gmail.com,,,1111111111,1
TATA PROJECT LIMITED,6,"Tel #: ,9624713939",44,319,VADODARA,110,390007,VADODARA-Executive,baroda@gmail.com,,,1111111111,1
AXALTA COATING SYSTEMS INDIA PVT LTD,6,Zip: 390007,44,319,VADODARA,110,390007,VADODARA-Executive,baroda@gmail.com,,,1111111111,1
TELEPERFORMANCE GLOBAL SERVICES PVT LTD,6,Email ID: PRS01185@GAIL.COM,44,319,VADODARA,110,390013,VADODARA-Executive,baroda@gmail.com,,,1111111111,1
KAMPF MACHINERY INDIA PVT. LTD.,6,"MANEJA VILLAGE, BANK OF BARODA          ",44,319,VADODARA,110,390013,VADODARA-Executive,baroda@gmail.com,,,1111111111,1
BADVE ENGINEERING LIMITED,6,"ROAD, JD NAGAR,  MANEJA",44,319,VADODARA,110,390013,VADODARA-Executive,baroda@gmail.com,,,1111111111,1
MRF LTD,6,VADODARA,44,319,VADODARA,110,390013,VADODARA-Executive,baroda@gmail.com,,,1111111111,1
TUV RHEINLAND ( INDIA) PVT LTD,6,City: VADODARA,44,319,VADODARA,110,390013,VADODARA-Executive,baroda@gmail.com,,,1111111111,1
NUVOCO VISTAS CORPORATION LIMITED,6,State: GUJARAT,44,319,VADODARA,110,390013,VADODARA-Executive,baroda@gmail.com,,,1111111111,1
HETTICH INDIA PVT. LTD.,6,Country: INDIA,44,319,VADODARA,110,390013,VADODARA-Executive,baroda@gmail.com,,,1111111111,1
HINDUSTAN  COLAS PRIVATE LIMITED,6,"Tel #: ,8511155676",44,319,VADODARA,110,390013,VADODARA-Executive,baroda@gmail.com,,,1111111111,1
CONCORD ENTERPRISES,6,Zip: 390013,44,319,VADODARA,110,390013,VADODARA-Executive,baroda@gmail.com,,,1111111111,1
ALEMBIC PHARMACEUTICALS LIMITED,6,Email ID: YR.ANIL_KUMAR@IN.ABB.COM,44,319,VADODARA,110,390007,VADODARA-Executive,baroda@gmail.com,,,1111111111,1
CROMPTON GREAVES CONSUMER ELECTRICALS LIMITED,6,RAMKRISHNA CHAMBERS                     ,44,319,VADODARA,110,390007,VADODARA-Executive,baroda@gmail.com,,,1111111111,1
ELYSIUM PHARMACEUTICALS LIMITED,6,PRODUCTIVITY ROAD,44,319,VADODARA,110,390007,VADODARA-Executive,baroda@gmail.com,,,1111111111,1
ULTRA TECH TRANSMISSIONS PRIVATE LIMITED,6,ALKAPURI,44,319,VADODARA,110,390007,VADODARA-Executive,baroda@gmail.com,,,1111111111,1
GSP CROP SCIENCE PVT LTD,6,City: VADODARA,44,319,VADODARA,110,390007,VADODARA-Executive,baroda@gmail.com,,,1111111111,1
R R KABEL LIMITED,6,State: GUJARAT,44,319,VADODARA,110,390007,VADODARA-Executive,baroda@gmail.com,,,1111111111,1
RAM RATNA WIRES LIMITED,6,Country: INDIA,44,319,VADODARA,110,390007,VADODARA-Executive,baroda@gmail.com,,,1111111111,1
TATA STEEL PROCESSING AND DISTRIBUTION LIMITED,6,"Tel #: 0265-6614000,8320305307",44,319,VADODARA,110,390007,VADODARA-Executive,baroda@gmail.com,,,1111111111,1
REXEL INDIA PRIVATE LIMITED,6,Zip: 390007,44,319,VADODARA,110,390007,VADODARA-Executive,baroda@gmail.com,,,1111111111,1
CONCENTRIX SERVICES INDIA PRIVATE LIMITED,6,Email ID: FRONTOFFICE-BARODA@BLUESTARINDIA.COM,44,319,VADODARA,110,400079,VADODARA-Executive,baroda@gmail.com,,,1111111111,1
BANKERS CARDIOLOGY PRIVATE LIMITED,6,"GODREJ ONE, 4TH FLOOR,                  ",44,319,VADODARA,110,400079,VADODARA-Executive,baroda@gmail.com,,,1111111111,1
SHRENO LIMITED,6,"PIROJSHANAGAR, EASTERN",44,319,VADODARA,110,400079,VADODARA-Executive,baroda@gmail.com,,,1111111111,1
LIVA PHARMACEUTICALS LIMITED,6,"HIGHWAY, VIKROLI EAST, MUMBAI",44,319,VADODARA,110,400079,VADODARA-Executive,baroda@gmail.com,,,1111111111,1
SCHAEFFLER INDIA LIMITED,6,City: MUMBAI,44,319,VADODARA,110,400079,VADODARA-Executive,baroda@gmail.com,,,1111111111,1
RAM RATNA ELECTRICALS LIMITED,6,State: MAHARASHTRA,44,319,VADODARA,110,400079,VADODARA-Executive,baroda@gmail.com,,,1111111111,1
UNISON INSURANCE BROKING SERVICES PVT LTD,6,Country: INDIA,44,319,VADODARA,110,400079,VADODARA-Executive,baroda@gmail.com,,,1111111111,1
RISHABH SOFTWARE PRIVATE LIMITED,6,"Tel #: ,9730960862",44,319,VADODARA,110,400079,VADODARA-Executive,baroda@gmail.com,,,1111111111,1
CLARKE ENERGY INDIA PRIVATE LIMITED,6,Zip: 400079,44,319,VADODARA,110,400079,VADODARA-Executive,baroda@gmail.com,,,1111111111,1
KRISHAK BHARATI COOPERATIVE LIMITED,6,Email ID: VIDHI.S@GODREJCP.COM,44,319,VADODARA,110,391346,VADODARA-Executive,baroda@gmail.com,,,1111111111,1
COMED CHEMICALS LIMITED,6,RELIANCE MANUFACTURING                  ,44,319,VADODARA,110,391346,VADODARA-Executive,baroda@gmail.com,,,1111111111,1
MIL LABORATORIES PVT LTD,6,"DIVISION, KOYLI, VADODARA",44,319,VADODARA,110,391346,VADODARA-Executive,baroda@gmail.com,,,1111111111,1
SUZLON ENERGY LTD,6,City: VADODARA,44,319,VADODARA,110,391346,VADODARA-Executive,baroda@gmail.com,,,1111111111,1
STATE BANK OF INDIA (RACPC),6,State: GUJARAT,44,319,VADODARA,110,391346,VADODARA-Executive,baroda@gmail.com,,,1111111111,1
TAMILNAD MERCANTILE BANK LIMITED,6,Country: INDIA,44,319,VADODARA,110,391346,VADODARA-Executive,baroda@gmail.com,,,1111111111,1
ANDHRA BANK,6,"Tel #: 02656692604,9998217250",44,319,VADODARA,110,391346,VADODARA-Executive,baroda@gmail.com,,,1111111111,1
QUICK HEAL TECHNOLOGIES LIMITED,6,Zip: 391346,44,319,VADODARA,110,391346,VADODARA-Executive,baroda@gmail.com,,,1111111111,1
ELECTRICAL RESEARCH AND DEVELOPMENT ASSOCIATION,6,Email ID: AMAR.PETIWALE@RIL.COM,44,319,VADODARA,110,391445,VADODARA-Executive,baroda@gmail.com,,,1111111111,1
VIP CLOTHING LIMITED,6,"BLOCK NO. 132, VILLAGE RANU,            ",44,319,VADODARA,110,391445,VADODARA-Executive,baroda@gmail.com,,,1111111111,1
HIVOLTRANS ELECTRICALS PRIVATE LIMITED,6,"TALUKA PADRA, VADODARA",44,319,VADODARA,110,391445,VADODARA-Executive,baroda@gmail.com,,,1111111111,1
SANGHVI FORGING & ENGINEERING LIMITED,6,City: VADODARA,44,319,VADODARA,110,391445,VADODARA-Executive,baroda@gmail.com,,,1111111111,1
DIAMOND POWER INFRASTRUCTURE LIMITED,6,State: GUJARAT,44,319,VADODARA,110,391445,VADODARA-Executive,baroda@gmail.com,,,1111111111,1
SODEXO FOOD SOLUTIONS INDIA PVT LTD,6,Country: INDIA,44,319,VADODARA,110,391445,VADODARA-Executive,baroda@gmail.com,,,1111111111,1
IDFC BANK LIMITED,6,"Tel #: ,9143489845",44,319,VADODARA,110,391445,VADODARA-Executive,baroda@gmail.com,,,1111111111,1
BOMBARDIER TRANSPORTATION INDIA PVT LTD,6,Zip: 391445,44,319,VADODARA,110,391445,VADODARA-Executive,baroda@gmail.com,,,1111111111,1
ENPAY TRANSFORMER COMPONENTS INDIA PVT LTD,6,Email ID: PRATIK.TOLAT@IPCA.COM,44,319,VADODARA,110,390023,VADODARA-Executive,baroda@gmail.com,,,1111111111,1
FILATEX INDIA LIMITED,6,"401-402, GUJAN TOWER, GORWA             ",44,319,VADODARA,110,390023,VADODARA-Executive,baroda@gmail.com,,,1111111111,1
BHARAT PARENTERALS LIMITED,6,"ROAD, NR. PETROL PUMP, ALEMBIC,",44,319,VADODARA,110,390023,VADODARA-Executive,baroda@gmail.com,,,1111111111,1
BODAL CHEMICALS LIMITED,6,"SUBHANPURA, VADODARA",44,319,VADODARA,110,390023,VADODARA-Executive,baroda@gmail.com,,,1111111111,1
BANCO PRODUCTS (INDIA) LIMITED,6,City: VADODARA,44,319,VADODARA,110,390023,VADODARA-Executive,baroda@gmail.com,,,1111111111,1
INOX INDIA PRIVATE LIMITED,6,State: GUJARAT,44,319,VADODARA,110,390023,VADODARA-Executive,baroda@gmail.com,,,1111111111,1
MUNJAL AUTO INDUSTRIES LIMITED,6,Country: INDIA,44,319,VADODARA,110,390023,VADODARA-Executive,baroda@gmail.com,,,1111111111,1
OIL AND NATURAL GAS CORPORATION LIMITED,6,"Tel #: ,9824023700",44,319,VADODARA,110,390023,VADODARA-Executive,baroda@gmail.com,,,1111111111,1
THE BARODA CITY CO OP BANK LIMITED,6,Zip: 390023,44,319,VADODARA,110,390023,VADODARA-Executive,baroda@gmail.com,,,1111111111,1
THE FEDERAL BANK LIMITED,6,Email ID: RAVJI.VARIYA@ADITYABIRLA.COM,44,319,VADODARA,110,390023,VADODARA-Executive,baroda@gmail.com,,,1111111111,1
SCIENTIFIC REMEDIES PVT LTD,6,"C-4/217/228, LAXMIPURA, SAMTA,          ",44,319,VADODARA,110,390023,VADODARA-Executive,baroda@gmail.com,,,1111111111,1
WEARRESIST TECHNOLOGIES PVT LTD,6,VADODARA,44,319,VADODARA,110,390023,VADODARA-Executive,baroda@gmail.com,,,1111111111,1
BANDHAN BANK LIMITED,6,City: VADODARA,44,319,VADODARA,110,390023,VADODARA-Executive,baroda@gmail.com,,,1111111111,1
HCG ONCOLOGY LLP,6,State: GUJARAT,44,319,VADODARA,110,390023,VADODARA-Executive,baroda@gmail.com,,,1111111111,1
HEUBACH COLOUR PRIVATE LIMITED,6,Country: INDIA,44,319,VADODARA,110,390023,VADODARA-Executive,baroda@gmail.com,,,1111111111,1
ION EXCHANGE INDIA LIMITED,6,"Tel #: ,9898010367",44,319,VADODARA,110,390023,VADODARA-Executive,baroda@gmail.com,,,1111111111,1
LINDE INDIA LIMITED,6,Zip: 390023,44,319,VADODARA,110,390023,VADODARA-Executive,baroda@gmail.com,,,1111111111,1
JYOTI LTD,6,Email ID: SALES.VADODARA@LICINDIA.COM,44,319,VADODARA,110,391240,VADODARA-Executive,baroda@gmail.com,,,1111111111,1
PHILIPS INDIA LIMITED,6,"71 / 71-A / 72 / 73 / 74 / 75/83, GIDC  ",44,319,VADODARA,110,391240,VADODARA-Executive,baroda@gmail.com,,,1111111111,1
BHARAT HEAVY ELECTRICALS LTD,6,"NANDESHARI, VADODARA",44,319,VADODARA,110,391240,VADODARA-Executive,baroda@gmail.com,,,1111111111,1
SVC CO-OPERATIVE BANK LIMITED,6,City: VADODARA,44,319,VADODARA,110,391240,VADODARA-Executive,baroda@gmail.com,,,1111111111,1
STANDARD RADIATORS PRIVATE LIMITED,6,State: GUJARAT,44,319,VADODARA,110,391240,VADODARA-Executive,baroda@gmail.com,,,1111111111,1
SHRIRAM CITY UNION FINANCE LIMITED,6,Country: INDIA,44,319,VADODARA,110,391240,VADODARA-Executive,baroda@gmail.com,,,1111111111,1
RELIGARE HEALTH INSURANCE COMPANY LTD,6,"Tel #: ,391240",44,319,VADODARA,110,391240,VADODARA-Executive,baroda@gmail.com,,,1111111111,1
PNB METLIFE INDIA INSURANCE COMPANY LTD,6,Zip: 391240,44,319,VADODARA,110,391240,VADODARA-Executive,baroda@gmail.com,,,1111111111,1
NKGSB CO-OPERATIVE BANK LIMITED,6,Email ID: HRNANDESARI@COROMANDEL.MURUGAPPA.COM,44,319,VADODARA,110,390007,VADODARA-Executive,baroda@gmail.com,,,1111111111,1
L AND T CHIYODA LIMITED,6,"331, TRIVIA COMPLEX, RACE COURSE        ",44,319,VADODARA,110,390007,VADODARA-Executive,baroda@gmail.com,,,1111111111,1
INDO BIOCARE PVT LTD,6,VADODARA,44,319,VADODARA,110,390007,VADODARA-Executive,baroda@gmail.com,,,1111111111,1
EDELWEISS TOKIO LIFE INSURANCE COMPANY LTD,6,City: VADODARA,44,319,VADODARA,110,390007,VADODARA-Executive,baroda@gmail.com,,,1111111111,1
ABHYUDAYA CO OP BANK LTD,6,State: GUJARAT,44,319,VADODARA,110,390007,VADODARA-Executive,baroda@gmail.com,,,1111111111,1
RISHI FIBC SOLUTIONS PRIVATE LIMITED,6,Country: INDIA,44,319,VADODARA,110,390007,VADODARA-Executive,baroda@gmail.com,,,1111111111,1
ASHIANA HOUSING LIMITED,6,"Tel #: 2652982308,7600995489",44,319,VADODARA,110,390007,VADODARA-Executive,baroda@gmail.com,,,1111111111,1
SURE SAFETY INDIA PRIVATE LIMITED,6,Zip: 390007,44,319,VADODARA,110,390007,VADODARA-Executive,baroda@gmail.com,,,1111111111,1
PUNIT PROTEINS PRIVATE LIMITED,6,Email ID: MOHIT.PATEL@PNBHOUSING.COM,44,319,VADODARA,110,390007,VADODARA-Executive,baroda@gmail.com,,,1111111111,1
EXCELLENT CONTACT PRIVATE LIMITED,6,"RELIANCE NIPPON LIFE INSURANCE,         ",44,319,VADODARA,110,390007,VADODARA-Executive,baroda@gmail.com,,,1111111111,1
RELAX BIOTECH PRIVATE LIMITED,6,"2ND FLOOR, SANKALP, B/S.",44,319,VADODARA,110,390007,VADODARA-Executive,baroda@gmail.com,,,1111111111,1
KALPVRUX CONVERTING PRODUCTS PVT LTD,6,"BANKERS HEART HOSPITAL,",44,319,VADODARA,110,390007,VADODARA-Executive,baroda@gmail.com,,,1111111111,1
MATRIX COMSEC PRIVATE LIMITED,6,OLD PARDRA ROAD,44,319,VADODARA,110,390007,VADODARA-Executive,baroda@gmail.com,,,1111111111,1
SPECTOMS ENGG PVT LTD,6,City: VADODARA,44,319,VADODARA,110,390007,VADODARA-Executive,baroda@gmail.com,,,1111111111,1
MADHAV AGRO FOODS PVT. LTD.,6,State: GUJARAT,44,319,VADODARA,110,390007,VADODARA-Executive,baroda@gmail.com,,,1111111111,1
REX TONE INDUSTRIES LIMITED,6,Country: INDIA,44,319,VADODARA,110,390007,VADODARA-Executive,baroda@gmail.com,,,1111111111,1
ELECTRO LUBE SOLUTIONS PRIVATE LIMITED,6,"Tel #: ,9824693886",44,319,VADODARA,110,390007,VADODARA-Executive,baroda@gmail.com,,,1111111111,1
PERMIONICS MEMBRANES PRIVATE LIMITED,6,Zip: 390007,44,319,VADODARA,110,390007,VADODARA-Executive,baroda@gmail.com,,,1111111111,1
SHRI DINESH MILLS LIMITED,6,Email ID: BIREN.R.SHAH@RELIANCEADA.COM,44,319,VADODARA,110,390022,VADODARA-Executive,baroda@gmail.com,,,1111111111,1
IL&FS TRANSPORTATION NETWORKS LIMITED,6,"13, VADODARA AIRPORT, HARNI ROAD        ",44,319,VADODARA,110,390022,VADODARA-Executive,baroda@gmail.com,,,1111111111,1
MONOCHEMMONACHEM ADDITIVES PVT LTD,6,VADODARA,44,319,VADODARA,110,390022,VADODARA-Executive,baroda@gmail.com,,,1111111111,1
COSMOS IMPEX INDIA PRIVATE LIMITED,6,City: VADODARA,44,319,VADODARA,110,390022,VADODARA-Executive,baroda@gmail.com,,,1111111111,1
GRACEDERMA HEALTHCARE PRIVATE LIMITED,6,State: GUJARAT,44,319,VADODARA,110,390022,VADODARA-Executive,baroda@gmail.com,,,1111111111,1
GUJARAT ALKALIES AND CHEMICALS LIMITED,6,Country: INDIA,44,319,VADODARA,110,390022,VADODARA-Executive,baroda@gmail.com,,,1111111111,1
BUNDY INDIA LTD,6,"Tel #: 02652484801,7874755777",44,319,VADODARA,110,390022,VADODARA-Executive,baroda@gmail.com,,,1111111111,1
HEM MARKETING SERVICES,6,Zip: 390022,44,319,VADODARA,110,390022,VADODARA-Executive,baroda@gmail.com,,,1111111111,1
MAGNAM NETLINK PRIVATE LIMITED,6,Email ID: RRAJPUT@JETAIRWAYS.COM,44,319,VADODARA,110,390022,VADODARA-Executive,baroda@gmail.com,,,1111111111,1
CAPIQ ENGINEERING PRIVATE LIMITED,6,"AIRPORT, CIVIL AERODROM,                ",44,319,VADODARA,110,390022,VADODARA-Executive,baroda@gmail.com,,,1111111111,1
GERATEX MACHINERY PRIVATE LIMITED,6,"HARNI ROAD, VADODARA",44,319,VADODARA,110,390022,VADODARA-Executive,baroda@gmail.com,,,1111111111,1
STAR PLASTIC INDUSTRIES (VADODARA),6,City: VADODARA,44,319,VADODARA,110,390022,VADODARA-Executive,baroda@gmail.com,,,1111111111,1
RELIANCE NIPPON LIFE ASSET MANAGEMENT LTD,6,State: GUJARAT,44,319,VADODARA,110,390022,VADODARA-Executive,baroda@gmail.com,,,1111111111,1
BISHOP VENTURE LLP,6,Country: INDIA,44,319,VADODARA,110,390022,VADODARA-Executive,baroda@gmail.com,,,1111111111,1
GUJARAT ENERGY TRANSMISSION CORPORATION,6,"Tel #: 9913045375,9913045375",44,319,VADODARA,110,390022,VADODARA-Executive,baroda@gmail.com,,,1111111111,1
PROJECT & DEVELOPMENT INDIA LIMITED,6,Zip: 390022,44,319,VADODARA,110,390022,VADODARA-Executive,baroda@gmail.com,,,1111111111,1
TESCO PROJECTS INDIA PVT LTD,6,Email ID: APDVADODARA@AAI.AERO,44,319,VADODARA,110,390007,VADODARA-Executive,baroda@gmail.com,,,1111111111,1
UNIQUE HYDROGRAPHIC SYSTEMS PVT LTD,6,"2ND FLOOR, OFFICE NO. 1, 2 , 3,         ",44,319,VADODARA,110,390007,VADODARA-Executive,baroda@gmail.com,,,1111111111,1
QUALITY CIRCLE FORUM OF INDIA,6,"PATRIOT COMPLEX, BESIDE INOX,",44,319,VADODARA,110,390007,VADODARA-Executive,baroda@gmail.com,,,1111111111,1
STEELCO GUJARAT LIMITED,6,"RACE COURSE CIRCLE,",44,319,VADODARA,110,390007,VADODARA-Executive,baroda@gmail.com,,,1111111111,1
TOSHVIN ANALYTICAL PRIVATE LIMITED,6,VADODARA,44,319,VADODARA,110,390007,VADODARA-Executive,baroda@gmail.com,,,1111111111,1
RUBAMIN LIMITED,6,City: VADODARA,44,319,VADODARA,110,390007,VADODARA-Executive,baroda@gmail.com,,,1111111111,1
RHINE ENGINEERING PRIVATE LIMITED,6,State: GUJARAT,44,319,VADODARA,110,390007,VADODARA-Executive,baroda@gmail.com,,,1111111111,1
PLUGA PUMPS AND MOTORS PRIVATE LIMITED,6,Country: INDIA,44,319,VADODARA,110,390007,VADODARA-Executive,baroda@gmail.com,,,1111111111,1
NATROYAL INDUSTRIES PRIVATE LIMITED,6,"Tel #: ,9824014442",44,319,VADODARA,110,390007,VADODARA-Executive,baroda@gmail.com,,,1111111111,1
AXTEL INDUSTRIES LIMITED,6,Zip: 390007,44,319,VADODARA,110,390007,VADODARA-Executive,baroda@gmail.com,,,1111111111,1
BRENTWOOD INDUSTRIES INDIA PVT LTD,6,Email ID: PRAJAPATI.DR@MAGMA.CO.IN,44,319,VADODARA,110,391520,VADODARA-Executive,baroda@gmail.com,,,1111111111,1
GUJARAT URJA VIKAS NIGAM LTD.,6,"PLOT NO. 803, SAMLAYA SAVLI ROAD,       ",44,319,VADODARA,110,391520,VADODARA-Executive,baroda@gmail.com,,,1111111111,1
PARUL UNIVERSITY,6,"GODAMPURA,",44,319,VADODARA,110,391520,VADODARA-Executive,baroda@gmail.com,,,1111111111,1
GUJARAT ENERGY TRAINING AND RESEARCH INSTITUTE,6,SAVLI,44,319,VADODARA,110,391520,VADODARA-Executive,baroda@gmail.com,,,1111111111,1
FIVES COMBUSTION SYSTEMS PRIVATE LIMITED,6,VADODARA,44,319,VADODARA,110,391520,VADODARA-Executive,baroda@gmail.com,,,1111111111,1
JINDAL STAINLESS STEELWAY LIMITED,6,City: VADODARA,44,319,VADODARA,110,391520,VADODARA-Executive,baroda@gmail.com,,,1111111111,1
MASTERCARD MOBILE TRANSACTIONS SOLUTIONS PVT LTD,6,State: GUJARAT,44,319,VADODARA,110,391520,VADODARA-Executive,baroda@gmail.com,,,1111111111,1
MBH POWER PRIVATE LIMITED,6,Country: INDIA,44,319,VADODARA,110,391520,VADODARA-Executive,baroda@gmail.com,,,1111111111,1
MYCOR HUMAN CAPITAL SOLUTIONS PVT LTD,6,"Tel #: 02667269528,9909917197",44,319,VADODARA,110,391520,VADODARA-Executive,baroda@gmail.com,,,1111111111,1
JEUMONT ELECTRIC INDIA PRIVATE LIMITED,6,Zip: 391520,44,319,VADODARA,110,391520,VADODARA-Executive,baroda@gmail.com,,,1111111111,1
SUNRISE POLYMERS & INDUSTRIES (INDIA) LTD,6,Email ID: SINGHGH@KECRPG.COM,44,319,VADODARA,110,389350,VADODARA-Executive,baroda@gmail.com,,,1111111111,1
SIEMENS HEALTHCARE PRIVATE LIMITED,6,"1307, GIDC HALOL-389350                 ",44,319,VADODARA,110,389350,VADODARA-Executive,baroda@gmail.com,,,1111111111,1
VOLTAMP TRANSFORMERS LIMITED,6,VADODARA,44,319,VADODARA,110,389350,VADODARA-Executive,baroda@gmail.com,,,1111111111,1
TRANSRAIL LIGHTING LIMITED,6,City: VADODARA,44,319,VADODARA,110,389350,VADODARA-Executive,baroda@gmail.com,,,1111111111,1
BARODA EXTRUSION LIMITED,6,State: GUJARAT,44,319,VADODARA,110,389350,VADODARA-Executive,baroda@gmail.com,,,1111111111,1
INEOS STYROLUTION INDIA LIMITED,6,Country: INDIA,44,319,VADODARA,110,389350,VADODARA-Executive,baroda@gmail.com,,,1111111111,1
POWER SYSTEM INFOTECH,6,"Tel #: ,9904258674",44,319,VADODARA,110,389350,VADODARA-Executive,baroda@gmail.com,,,1111111111,1
MCNALLY SAYAJI ENGINEERING LIMITED,6,Zip: 389350,44,319,VADODARA,110,389350,VADODARA-Executive,baroda@gmail.com,,,1111111111,1
RAYCHEM RPG PVT LTD,6,Email ID: rajendra_shah@supreme.co.in,44,319,VADODARA,110,390015,VADODARA-Executive,baroda@gmail.com,,,1111111111,1
R R KABEL LIMITED - WAGHODIA,6,"OFFICE NO. 1, 2ND FLOOR,                ",44,319,VADODARA,110,390015,VADODARA-Executive,baroda@gmail.com,,,1111111111,1
PAKONA ENGINEERS I PVT LTD,6,"STOP-N-SHOP PLAZA, (OFFTEL TOWER-II",44,319,VADODARA,110,390015,VADODARA-Executive,baroda@gmail.com,,,1111111111,1
INTEGRA ENGINEERING INDIA LTD.,6,")         R C DUTT ROAD, VADODARA",44,319,VADODARA,110,390015,VADODARA-Executive,baroda@gmail.com,,,1111111111,1
SIEMENS GAMESA RENEWABLE POWER PVT LTD,6,City: VADODARA,44,319,VADODARA,110,390015,VADODARA-Executive,baroda@gmail.com,,,1111111111,1
FLEXICAN BELLOWS & HOSES PVT LTD,6,State: GUJARAT,44,319,VADODARA,110,390015,VADODARA-Executive,baroda@gmail.com,,,1111111111,1
GUJARAT STATE ELECTRICITY CORPORATION LTD,6,Country: INDIA,44,319,VADODARA,110,390015,VADODARA-Executive,baroda@gmail.com,,,1111111111,1
ICICI PRUDENTIAL ASSET MANAGEMENT COMPANY LTD,6,"Tel #: ,9824262211",44,319,VADODARA,110,390015,VADODARA-Executive,baroda@gmail.com,,,1111111111,1
SUMANDEEP VIDHYAPEETH (DEEMED UNIVERSITY),6,Email ID: VADODARA@ICSI.EDU,44,319,VADODARA,110,390015,VADODARA-Executive,baroda@gmail.com,,,1111111111,1
MET HEAT ENGINEERS PRIVATE LIMITED,6,"403/404, 4TH FLOOR, CRYSTAL CUBE        ",44,319,VADODARA,110,390015,VADODARA-Executive,baroda@gmail.com,,,1111111111,1
ONGC PETRO ADDITIONS LTD (SEZ),6,"COMPLEX, MANISHA, SOCIETY,",44,319,VADODARA,110,390015,VADODARA-Executive,baroda@gmail.com,,,1111111111,1
BARODA CRICKET ASSOCIATION,6,"OLD PADRA ROAD, VADODARA",44,319,VADODARA,110,390015,VADODARA-Executive,baroda@gmail.com,,,1111111111,1
INOX AIR PRODUCTS PVT LTD,6,City: VADODARA,44,319,VADODARA,110,390015,VADODARA-Executive,baroda@gmail.com,,,1111111111,1
L&T HYDROCARBON ENGINEERING LIMITED,6,State: GUJARAT,44,319,VADODARA,110,390015,VADODARA-Executive,baroda@gmail.com,,,1111111111,1
SWISS PAC PRIVATE LIMITED,6,Country: INDIA,44,319,VADODARA,110,390015,VADODARA-Executive,baroda@gmail.com,,,1111111111,1
POLYCRAFT PUF MACHINE PRIVATE LIMITED,6,"Tel #: ,8141990511",44,319,VADODARA,110,390015,VADODARA-Executive,baroda@gmail.com,,,1111111111,1
ZETEC INTERNATIONAL,6,Zip: 390015,44,319,VADODARA,110,390015,VADODARA-Executive,baroda@gmail.com,,,1111111111,1
TATA AIG GENERAL INSURANCE CO LTD,6,Email ID: SBIL.0126@SBI-LIFE.COM,44,319,VADODARA,110,390018,VADODARA-Executive,baroda@gmail.com,,,1111111111,1
SEAL FOR LIFE INDIA PVT LTD,6,"A-49, ARYAN AVENUE, NEAR                ",44,319,VADODARA,110,390018,VADODARA-Executive,baroda@gmail.com,,,1111111111,1
L & T ELECTRICAL & AUTOMATION LTD,6,"AMIT NAGAR CIRCLE, KARELI BAUG,",44,319,VADODARA,110,390018,VADODARA-Executive,baroda@gmail.com,,,1111111111,1
SUNDARAM ASSET MANAGEMENT COMPANY LTD,6,VADODARA,44,319,VADODARA,110,390018,VADODARA-Executive,baroda@gmail.com,,,1111111111,1
RURAL ELECTRIFICATION CORPORATION LIMITED,6,City: VADODARA,44,319,VADODARA,110,390018,VADODARA-Executive,baroda@gmail.com,,,1111111111,1
ASSOCIATED POWER STRUCTURES PVT LTD,6,State: GUJARAT,44,319,VADODARA,110,390018,VADODARA-Executive,baroda@gmail.com,,,1111111111,1
KOTAK MAHINDRA LIFE INSURANCE COMPANY LTD,6,Country: INDIA,44,319,VADODARA,110,390018,VADODARA-Executive,baroda@gmail.com,,,1111111111,1
CENTURION LABORATORIES PRIVATE LIMITED,6,"Tel #: ,9601376702",44,319,VADODARA,110,390018,VADODARA-Executive,baroda@gmail.com,,,1111111111,1
CENTURION REMEDIES PVT LIMITED,6,Zip: 390018,44,319,VADODARA,110,390018,VADODARA-Executive,baroda@gmail.com,,,1111111111,1
SAVORITE PHARMACEUTICALS,6,Email ID: VIKRAMSINGHBHATI@DBCORP.IN,44,319,VADODARA,110,400093,VADODARA-Executive,baroda@gmail.com,,,1111111111,1
STUMPP SCHUELE AND SOMAPPA SPRINGS PVT LTD,6,"A-303, FLORAL DECK PLAZA,               ",44,319,VADODARA,110,400093,VADODARA-Executive,baroda@gmail.com,,,1111111111,1
TIKI TAR INDUSTRIES BARODA LIMITED,6,"OFF CENTRAL MIDC ROAD, ANDHERI",44,319,VADODARA,110,400093,VADODARA-Executive,baroda@gmail.com,,,1111111111,1
ICA PIDILITE PRIVATE LIMITED,6,EAST MUMBAI,44,319,VADODARA,110,400093,VADODARA-Executive,baroda@gmail.com,,,1111111111,1
GUJARAT EMPLOYERS ORGANIZATION,6,City: VADODARA,44,319,VADODARA,110,400093,VADODARA-Executive,baroda@gmail.com,,,1111111111,1
SUD CHEMIE INDIA PRIVATE LIMITED,6,State: GUJARAT,44,319,VADODARA,110,400093,VADODARA-Executive,baroda@gmail.com,,,1111111111,1
MG MOTOR INDIA PRIVATE LIMITED,6,Country: INDIA,44,319,VADODARA,110,400093,VADODARA-Executive,baroda@gmail.com,,,1111111111,1
PHILLIPS CARBON BLACK LTD,6,"Tel #: 02229261144,",44,319,VADODARA,110,400093,VADODARA-Executive,baroda@gmail.com,,,1111111111,1
APAR INDUSTRIES LIMITED,6,Zip: 400093,44,319,VADODARA,110,400093,VADODARA-Executive,baroda@gmail.com,,,1111111111,1
SAFARI INDUSTRIES INDIA LIMITED,6,Email ID: DHANAJI.NANAWARE@WALLACEPHARMA.NET,44,319,VADODARA,110,390012,VADODARA-Executive,baroda@gmail.com,,,1111111111,1
AAVID THERMALLOY INDIA PRIVATE LIMITED,6,"HOUSE NO. A104, FORTUNE SKYLINE,        ",44,319,VADODARA,110,390012,VADODARA-Executive,baroda@gmail.com,,,1111111111,1
KNEXIR CONSULTANTS PRIVATE LIMITED,6,"NEAR INDEN GAS DEPO, KALALI,",44,319,VADODARA,110,390012,VADODARA-Executive,baroda@gmail.com,,,1111111111,1
KANAN INTERNATIONAL PRIVATE LIMITED,6,"CHAPAT ROAD,",44,319,VADODARA,110,390012,VADODARA-Executive,baroda@gmail.com,,,1111111111,1
GALAXY SIVTEK PRIVATE LIMITED,6,City: VADODARA,44,319,VADODARA,110,390012,VADODARA-Executive,baroda@gmail.com,,,1111111111,1
IOT INFRASTRUCTURE AND ENERGY SERVICES LTD,6,State: GUJARAT,44,319,VADODARA,110,390012,VADODARA-Executive,baroda@gmail.com,,,1111111111,1
DEEPAK PHENOLICS LIMITED,6,Country: INDIA,44,319,VADODARA,110,390012,VADODARA-Executive,baroda@gmail.com,,,1111111111,1
SOLVAY SPECIALITIES INDIA PVT LTD,6,"Tel #: ,8128682911",44,319,VADODARA,110,390012,VADODARA-Executive,baroda@gmail.com,,,1111111111,1
JASH PACKAGING CO.,6,Zip: 390012,44,319,VADODARA,110,390012,VADODARA-Executive,baroda@gmail.com,,,1111111111,1
BERGER PAINTS INDIA LTD ( DIV. BRITISH PAINTS),6,Email ID: DBORAD@GROUPSIGNET.COM,44,319,VADODARA,110,390007,VADODARA-Executive,baroda@gmail.com,,,1111111111,1
BAJAJ HEALTHCARE LIMITED,6,"CORNER, SQUARE, RACE COURSE             ",44,319,VADODARA,110,390007,VADODARA-Executive,baroda@gmail.com,,,1111111111,1
GRASIM INDUSTRIES LIMITED,6,"ROAD, VADODARA",44,319,VADODARA,110,390007,VADODARA-Executive,baroda@gmail.com,,,1111111111,1
PLASSER INDIA PRIVATE LIMITED,6,VADODARA,44,319,VADODARA,110,390007,VADODARA-Executive,baroda@gmail.com,,,1111111111,1
AARTI INDUSTRIES LIMITED,6,City: VADODARA,44,319,VADODARA,110,390007,VADODARA-Executive,baroda@gmail.com,,,1111111111,1
STANDARD PESTICIDES PRIVATE LIMITED,6,State: GUJARAT,44,319,VADODARA,110,390007,VADODARA-Executive,baroda@gmail.com,,,1111111111,1
RONAK EXIM PRIVATE LIMITED,6,Country: INDIA,44,319,VADODARA,110,390007,VADODARA-Executive,baroda@gmail.com,,,1111111111,1
RYKER BASE PRIVATE LIMITED,6,"Tel #: 02653027300,9099033254",44,319,VADODARA,110,390007,VADODARA-Executive,baroda@gmail.com,,,1111111111,1
ADVENTUS LABORATORIES (INDIA) PVT LTD,6,Email ID: desaic@cholamsispl.com,44,319,VADODARA,110,390007,VADODARA-Executive,baroda@gmail.com,,,1111111111,1
SERAP INDIA PRIVATE LIMITED,6,"UPPER GROUND FLOOR, UNIT NO             ",44,319,VADODARA,110,390007,VADODARA-Executive,baroda@gmail.com,,,1111111111,1
T D WILLIAMSON INDIA PRIVATE LIMITED,6,"105-109, GOKULESH COMPLEX, RC",44,319,VADODARA,110,390007,VADODARA-Executive,baroda@gmail.com,,,1111111111,1
TSI POWER PRIVATE LIMITED,6,"DUTT ROAD,",44,319,VADODARA,110,390007,VADODARA-Executive,baroda@gmail.com,,,1111111111,1
TAIKAI ELECTRIC (INDIA) PRIVATE LIMITED,6,VADODARA,44,319,VADODARA,110,390007,VADODARA-Executive,baroda@gmail.com,,,1111111111,1
ITT CORPORATION INDIA PRIVATE LIMITED,6,City: VADODARA,44,319,VADODARA,110,390007,VADODARA-Executive,baroda@gmail.com,,,1111111111,1
GLOBAL TRAVELS,6,State: GUJARAT,44,319,VADODARA,110,390007,VADODARA-Executive,baroda@gmail.com,,,1111111111,1
TRANSPEK INDUSTRY LIMITED,6,Country: INDIA,44,319,VADODARA,110,390007,VADODARA-Executive,baroda@gmail.com,,,1111111111,1
SUYOG ELECTRICALS LTD,6,"Tel #: 02656611110,9825006577",44,319,VADODARA,110,390007,VADODARA-Executive,baroda@gmail.com,,,1111111111,1
CAPARO ENGINEERING INDIA LIMITED,6,Zip: 390007,44,319,VADODARA,110,390007,VADODARA-Executive,baroda@gmail.com,,,1111111111,1
PAUL MASON CONSULTING INDIA PVT LTD,6,Email ID: JOSHIA@HDFCFUND.COM,44,319,VADODARA,110,390023,VADODARA-Executive,baroda@gmail.com,,,1111111111,1
PI TEXTILES PRIVATE LIMITED,6,"4TH FLOOR, ATLANTIS HERITAGE,           ",44,319,VADODARA,110,390023,VADODARA-Executive,baroda@gmail.com,,,1111111111,1
MANPASAND BEVERAGES LIMITED,6,"ATLANTIS HEIGHTS, SARABHAI",44,319,VADODARA,110,390023,VADODARA-Executive,baroda@gmail.com,,,1111111111,1
GACL-NALCO ALKALIES & CHEMICALS PVT LTD,6,"ROAD, VADODARA",44,319,VADODARA,110,390023,VADODARA-Executive,baroda@gmail.com,,,1111111111,1
GRACE BIO-CARE PVT LTD,6,City: VADODARA,44,319,VADODARA,110,390023,VADODARA-Executive,baroda@gmail.com,,,1111111111,1
KUTCH CHEMICAL INDUSTRIES LIMITED,6,State: GUJARAT,44,319,VADODARA,110,390023,VADODARA-Executive,baroda@gmail.com,,,1111111111,1
PARRY ENTERPRISES INDIA LIMITED,6,Country: INDIA,44,319,VADODARA,110,390023,VADODARA-Executive,baroda@gmail.com,,,1111111111,1
PANOLI INTERMEDIATES (INDIA) PVT LTD,6,"Tel #: ,9998433801",44,319,VADODARA,110,390023,VADODARA-Executive,baroda@gmail.com,,,1111111111,1
CHEMIE-TECH PROJECTS LIMITED,6,Zip: 390023,44,319,VADODARA,110,390023,VADODARA-Executive,baroda@gmail.com,,,1111111111,1
IDEAL CHEMICALS (INDIA) PVT.LTD.,6,Email ID: CHANDA@BAJAJALLIANZE.COM,44,319,VADODARA,110,391350,VADODARA-Executive,baroda@gmail.com,,,1111111111,1
ROECHLING ENGINEERING PLASTICS (I) PVT LTD,6,"2&3, F G PATEL ESTATE OPPOSITE,         ",44,319,VADODARA,110,391350,VADODARA-Executive,baroda@gmail.com,,,1111111111,1
DSM NUTRITIONAL PRODUCTS INDIA PVT LTD,6,"L & T NEURO NH NO. 8, PADAMLA,",44,319,VADODARA,110,391350,VADODARA-Executive,baroda@gmail.com,,,1111111111,1
INDIAN CHEMICAL COUNCIL,6,"RANOLI, VADODARA, GUJARAT",44,319,VADODARA,110,391350,VADODARA-Executive,baroda@gmail.com,,,1111111111,1
SHIVA PHARMACHEM LIMITED,6,City: VADODARA,44,319,VADODARA,110,391350,VADODARA-Executive,baroda@gmail.com,,,1111111111,1
BELGIUM GLASS & CERAMICS PVT LTD,6,State: GUJARAT,44,319,VADODARA,110,391350,VADODARA-Executive,baroda@gmail.com,,,1111111111,1
GULBRANDSEN CHEMICALS PRIVATE LIMITED,6,Country: INDIA,44,319,VADODARA,110,391350,VADODARA-Executive,baroda@gmail.com,,,1111111111,1
PAHARPUR COOLING TOWERS LTD,6,"Tel #: ,9033023343",44,319,VADODARA,110,391350,VADODARA-Executive,baroda@gmail.com,,,1111111111,1
JUBILANT AGRI AND CONSUMER PRODUCTS LTD,6,Zip: 391350,44,319,VADODARA,110,391350,VADODARA-Executive,baroda@gmail.com,,,1111111111,1
RIVULIS IRRIGATION INDIA PVT LTD,6,Email ID: DEBASISHACHARYA@BERGERINDIA.COM,44,319,VADODARA,110,391412,VADODARA-Executive,baroda@gmail.com,,,1111111111,1
BECHTEL INDIA PRIVATE LIMITED,6,VADODARA JAMBUSAR STATE                 ,44,319,VADODARA,110,391412,VADODARA-Executive,baroda@gmail.com,,,1111111111,1
JAYANT AGRO ORGANICS LIMITED,6,"HIGHWAY, VILLAGE MASAR, TALUKA",44,319,VADODARA,110,391412,VADODARA-Executive,baroda@gmail.com,,,1111111111,1
PI INDUSTRIES LIMITED (SEZ),6,"PADRA, VADODARA",44,319,VADODARA,110,391412,VADODARA-Executive,baroda@gmail.com,,,1111111111,1
TEIGNBRIDGE PROPELLERS INDIA PVT LTD,6,City: VADODARA,44,319,VADODARA,110,391412,VADODARA-Executive,baroda@gmail.com,,,1111111111,1
JCB INDUSTRIES PRIVATE LIMITED,6,State: GUJARAT,44,319,VADODARA,110,391412,VADODARA-Executive,baroda@gmail.com,,,1111111111,1
PANASONIC ENERGY INDIA CO. LTD,6,Country: INDIA,44,319,VADODARA,110,391412,VADODARA-Executive,baroda@gmail.com,,,1111111111,1
TECHNO ELECTROMECH PVT. LTD.,6,"Tel #: ,9998004601",44,319,VADODARA,110,391412,VADODARA-Executive,baroda@gmail.com,,,1111111111,1
THE MAHARAJA SAYAJIRAO UNIVERSITY OF BARODA,6,Zip: 391412,44,319,VADODARA,110,391412,VADODARA-Executive,baroda@gmail.com,,,1111111111,1
LARSEN & TOUBRO LTD - POWER VERTICAL,6,Email ID: KVV@FINOLEXIND.COM,44,319,VADODARA,110,390020,VADODARA-Executive,baroda@gmail.com,,,1111111111,1
KUSTERS CALICO MACHINERY PVT LTD,6,"ISCON ATRIA 1, 501/503/505,,            ",44,319,VADODARA,110,390020,VADODARA-Executive,baroda@gmail.com,,,1111111111,1
EGS CONTACT CENTER SOLUTIONS PVT LTD,6,"WING 1, GOTRI ROAD, VADODARA",44,319,VADODARA,110,390020,VADODARA-Executive,baroda@gmail.com,,,1111111111,1
ANKUR SCIENTIFIC ENERGY TECHNOLOGIES PVT LTD,6,City: VADODARA,44,319,VADODARA,110,390020,VADODARA-Executive,baroda@gmail.com,,,1111111111,1
GATX INDIA PVT LTD,6,State: GUJARAT,44,319,VADODARA,110,390020,VADODARA-Executive,baroda@gmail.com,,,1111111111,1
SHARMA ORTHOPEDIC (INDIA) PVT. LTD.,6,Country: INDIA,44,319,VADODARA,110,390020,VADODARA-Executive,baroda@gmail.com,,,1111111111,1
MAN ENERGY SOLUTIONS INDIA PVT LTD,6,"Tel #: 2652320700,8511520075",44,319,VADODARA,110,390020,VADODARA-Executive,baroda@gmail.com,,,1111111111,1
OMEGA PLASTO LIMITED,6,Zip: 390020,44,319,VADODARA,110,390020,VADODARA-Executive,baroda@gmail.com,,,1111111111,1
ATNAHS PHARMA UK LTD,6,Email ID: ZAHIR.PATEL@IFFCOTOKIO.CO.IN,44,319,VADODARA,110,390007,VADODARA-Executive,baroda@gmail.com,,,1111111111,1
LALLOOJI & SONS (MANDVI),6,"2ND FLOOR, LANDMARK BUILDING,           ",44,319,VADODARA,110,390007,VADODARA-Executive,baroda@gmail.com,,,1111111111,1
WILH LOESCH PROJECT SERVICES PVT LTD,6,"NR. CHAKLI CIRCLE, RACE COURSE,",44,319,VADODARA,110,390007,VADODARA-Executive,baroda@gmail.com,,,1111111111,1
SIGNIFY INNOVATIONS INDIA LIMITED,6,VADODARA,44,319,VADODARA,110,390007,VADODARA-Executive,baroda@gmail.com,,,1111111111,1
SUNBEAMS TRAVELS (BARODA) PVT LTD,6,City: VADODARA,44,319,VADODARA,110,390007,VADODARA-Executive,baroda@gmail.com,,,1111111111,1
PRODAIR AIR PRODUCTS INDIA PVT LTD,6,State: GUJARAT,44,319,VADODARA,110,390007,VADODARA-Executive,baroda@gmail.com,,,1111111111,1
YCS BARODA PVT.LTD.,6,Country: INDIA,44,319,VADODARA,110,390007,VADODARA-Executive,baroda@gmail.com,,,1111111111,1
ALUPLAST INDIA PVT.LTD.,6,"Tel #: 9825386438,",44,319,VADODARA,110,390007,VADODARA-Executive,baroda@gmail.com,,,1111111111,1
JINDAL RAIL INFRASTRUCTURE LIMITED,6,Zip: 390007,44,319,VADODARA,110,390007,VADODARA-Executive,baroda@gmail.com,,,1111111111,1
TOURISM CORPORATION OF GUJARAT LTD.,6,Email ID: AMIT.PARIKH@ICICIPRULIFE.COM,44,319,VADODARA,110,389350,VADODARA-Executive,baroda@gmail.com,,,1111111111,1
MERCURY LABORATORIES LTD,6,"GET MUVALA, PO: CHANDRAOURA             ",44,319,VADODARA,110,389350,VADODARA-Executive,baroda@gmail.com,,,1111111111,1
ASPENPARK INFRA VADODRA PVT.LTD.,6,TA: HALOL - 389350,44,319,VADODARA,110,389350,VADODARA-Executive,baroda@gmail.com,,,1111111111,1
DYNAMIC STAFFING SERVICES PVT.LTD.,6,City: GODHRA,44,319,VADODARA,110,389350,VADODARA-Executive,baroda@gmail.com,,,1111111111,1
