PUNJAB NATIONAL BANK,6,"SARDAR BHAVAN, RAOPURA. VADODARA,GUJARAT, INDIA                         ",40,319,VADODARA,110,,Sajid,,,,1111111111,1
STATE BANK OF INDIA,6,"ADMINISTRATIVE OFFICE, 6TH FLOOR, PARADISE COMPLEX, SAYAJIGUNJ, VADODARA ",41,319,VADODARA,110,,Arun,AVIRAL.PANDEY@SBI.CO.IN,,,1111111111,1
BANK OF BARODA,6,"SURAJPLAZA-1, 6TH FLR,SAYAJIGUNJ,VADODARA-05              ",41,319,VADODARA,110,,Arun,,,,1111111111,1
CENTRAL BANK OF INDIA,6,"2ND FLOOR ,PRATIK CHAMBERS, DANDIA BAZAR. VADODARA            ",41,319,VADODARA,110,,Arun,,,,1111111111,1
GAIL INDIA LIMITED,6,"OPP ROAD, NR. MANISHA CIRCLE, VADODARA        ",43,319,VADODARA,110,,Ayaz,PRS01185@GAIL.COM,,,1111111111,1
ABB INDIA LIMITED,6,"MANEJA VILLAGE, BANK OF BARODA ROAD, JD NAGAR,  MANEJA       ",43,319,VADODARA,110,,Ayaz,harshal.pandya@in.abb.com,,,1111111111,1
RELIANCE JIO INFOCOMM LIMITED,6,"2ND FLOOR, AIMS MEGA MALL,OPPOSITE STERLING HEALTH MALL, OLD PADRA ROAD, VADODARA ",42,319,VADODARA,110,,Harvinder,,,,1111111111,1
IPCA LABORATORIES LIMITED,6,"Nandesari, Vadodara, Gujarat 391340,VADODARA     ",42,319,VADODARA,110,391340,Harvinder, pratik.tolat@ipca.com,,,1111111111,1
RELIANCE GENERAL INSU.CO LTD.,6,"3RD FLOORSTAR TREK  BUILDING, OPLD PADRA ROAD, VADODARA",40,319,VADODARA,110,,Sajid,manish.namdeo@relianceada.com,,,1111111111,1
COROMANDEL INTERNATIONAL LTD,6,"71/71A/72/73/74/75/83 GIDC, NANDESARI, VADODARA,GUJARAT 391340      ",42,319,VADODARA,110,391340,Harvinder,PARMARHR@COROMANDEL.MURUGAPPA.COM,,,1111111111,1
PNB HOUSING FINANACE LTD,6,"331 TRIVIA COMPLEX, RACECOURSE. VADODARA",40,319,VADODARA,110,,Sajid,mohit.patel@pnbhousing.com,,,1111111111,1
NATIONAL INSURANCE CO LTD,6,"DR,INDUMATI TRUST BUILDING, TILAK ROAD., VADODARA, GUJARAT ",40,319,VADODARA,110,,Sajid,,,,1111111111,1
AIRPORT AUTHORITY OF INDIA,6,"AIRPORT ROAD, HARNI ROAD, VADODARA, GUJARAT       ",42,319,VADODARA,110,,Harvinder,HITESHVORA@AAI.AERO,,,1111111111,1
MAGMA FINCORP LIMITED,6,"2ND FLOOR, OFFICE NO. 1, 2 , 3,PATRIOT COMPLEX, BESIDE INOX, RACE COURSE CIRCLE, VADODARA ",42,319,VADODARA,110,,Harvinder, PRAJAPATI.DR@MAGMA.CO.IN,,,1111111111,1
KEC INTERNATIONAL LIMITED,6,"PLOT NO. - 803, SAMLAYA SAVLI ROAD, GODAMPURA, SAVLI, VADODARA       ",43,319,VADODARA,110,,Ayaz, SINGHGH@KECRPG.COM,,,1111111111,1
THE SUPREME INDUSTRIES LTD,6,"1307, GIDC HALOL-, VADODARA                 ",43,319,VADODARA,110,389350,Ayaz,rajendra_shah@supreme.co.in,,,1111111111,1
DB CORP LIMITED,6,"A-49, ARYAN AVENUE, NEAR AMIT NAGAR CIRCLE, KARELI BAUG, VADODARA               ",42,319,VADODARA,110,,Harvinder,bankimchandra.gandhi@dhrsl.com,,,1111111111,1
CHOLAMANDALAM MS GENERAL INSURANCE COMPANY LTD,6,"CORNER SQUARE, RACECOURSE. VADODARA     ",40,319,VADODARA,110,,Sajid, desaic@cholamsispl.com,,,1111111111,1
BAJAJ ALLIANZ LIFE INSURANCE COMPANY LTD,6,"4TH FLOOR, ATLANTIS HERITAGE, ATLANTIS HIGHTSSARABHAI ROAD, VADODARA.",40,319,VADODARA,110,390023,Sajid,chanda.makhija@bajajallianz.co.in,,,1111111111,1
BERGER PAINTS INDIA LTD.,6,"2 & 3, F G PATEL ESTATE, OPPOSITE L & T NEURO, N H NO 8, PADAMLA, RANOLI,, VADODARA,         ",42,319,VADODARA,110,,Harvinder,debasishacharya@bergerindia.com,,,1111111111,1
BHARTI AXA LIFE INSU CO LTD,6,"2ND FLOOR SHINE PALZA, NR. NATUBHAI CIRCLE, VADODARA ",40,319,VADODARA,110,,Sajid,sunny.joshi@bharti-axalife.com,,,1111111111,1
FINOLEX INDUSTRIES  LIMITED,6,"VADODARA JAMBUSAR STATE HIGHWAY, VILLAGE MASAR, TALUKA PADRA, VADODARA              ",43,319,VADODARA,110,,Ayaz,KVV@FINOLEXIND.COM,,,1111111111,1
CEAT LIMITED,6,"GETMURALA, CHANDRA PURA,  HALOL, PANCHMAHAL, VADODARA         ",43,319,VADODARA,110,,Ayaz,HALOL.ADMIN@CEAT.COM,,,1111111111,1
DEWAN HOUSING FIN. CORP LTD.,6,"UNIT NO 201&202, 2ND FLOOR, VRAJ COMPLEX, GORWA ALEMBIC ROAD,OPP. AMAR MARUTI CAR SHOWROOM, VADODARA ",43,319,VADODARA,110,,Ayaz,DHAVAL.DHURANA@DHFLPRAMERICA.COM,,,1111111111,1
SBI GENERAL INSURANCE COMPANY LIMITED,6,"2ND FLOOR, PANCHAM HIGH STREET,OFFICE 212,213,214, OLD PADRA ROAD, VADODARA  ",41,319,VADODARA,110,390015,Arun,,,,1111111111,1
BHARTI AXA GENERAL INSURANCE COMPANY LTD,6,"2ND FLOOR SHINE PALZA, JETALPUR ROAD, VADODARA  ",40,319,VADODARA,110,,Sajid,,,,1111111111,1
SBI FUNDS MANAGEMENT PVT LTD,6,"101-105 GLACIER COMPLEX, JETALPUR ROAD, VADODARA ",41,319,VADODARA,110,,Arun, dipen.shah@sbimf.com,,,1111111111,1
SIEMENS LIMITED,6,"967/2/1, G I D C, Makarpura, Vadodara           ",41,319,VADODARA,110,,Arun,,,,1111111111,1
CONTAINER CORP. OF INDIA LTD.,6,"RAIL CONTAINER TERMINAL,NEW ALEMBIC BRIDGE, VADODARA           ",40,319,VADODARA,110,,Sajid,JAVEDKHAN@CONCORINDIA.COM,,,1111111111,1
"BOROSIL GLASS WORKS LTD,",6,...                                     ,43,319,VADODARA,110,,Ayaz,,,,1111111111,1
PIRAMAL GLASS PRIVATE LIMITED.,6,"3RD FLOOR, THE BARODA CENTRAL, CO-OPERATIVE BANK LTD,STATION ROAD, SAYAJIGUNJ,VADODARA - ,    ",43,319,VADODARA,110,390005,Ayaz,P.ANILKUMAR@PIRAMAL.COM,,,1111111111,1
TRANSWORLD FURTICHEM PVT LTD,6,"701-702, A-WING, ALKAPURI ARCADE,R.C. DUTTA ROAD, VADODARA   ",42,319,VADODARA,110,,Harvinder,VIRAL@TRANSFURTI.COM,,,1111111111,1
TECH MAHINDRA LTD,6,"RELIANCE BHAVAN, GORWA, VADODARA            ",42,319,VADODARA,110,,Harvinder, JA00609372@TECHMAHINDRA.COM,,,1111111111,1
VOITH HYDRO PVT LTD,6,"PLOT NO. 107, GIDC, MANJUSAR,TAL. SAVLI, VADODARA        ",42,319,VADODARA,110,,Harvinder,ZZNIKITA.ZZMACWAN@VOITH.COM,,,1111111111,1
CLARIANT CHEMICALS (INDIA)  LIMITED,6,"KIRTI TOWERS KOTHI ROAD,",41,319,VADODARA,110,,Arun,,,,1111111111,1
UNION BANK OF INDIA,6,SAYAJI GUNJ. VADODARA,40,319,VADODARA,110,,Sajid,,,,1111111111,1
HINDUSTAN PETROLEUM CORPORATION LTD,6,"48/49, GIDC NANDESHRI,                  ",41,319,VADODARA,110,,Arun,,,,1111111111,1
APOLLO TYRES LTD,6,"VILLAGE LIMBA, TALUKA WAGHODIA,         ",43,319,VADODARA,110,,Ayaz,,,,1111111111,1
RELIANCE CAPITAL LTD.,6,"OFFICE NO. 302-303, 3RD FLOOR,          ",40,319,VADODARA,110,,Sajid,,,,1111111111,1
HONDA MOTORCYCLE AND SCOOTER I PVT LTD,6,"611-612, VENUS ATLANTIS, 100 FEET ROAD, ",43,319,VADODARA,110,,Ayaz,,,,1111111111,1
AMCOR FLEXIBLES INDIA PVT LTD,6,"703, GIDC ESTATE, PALEJ                 ",43,319,VADODARA,110,,Ayaz,,,,1111111111,1
BAJAJ CAPITAL LTD,6,OFFICE NO 106-107 SIDDHART COMPLEX      ,40,319,VADODARA,110,,Sajid,,,,1111111111,1
BHARTI AIRTEL LTD,6,"3RD FLOOR, BANISON COMPLEX,             ",43,319,VADODARA,110,,Ayaz,,,,1111111111,1
BRAKES INDIA PRIVATE LIMITED,6,"110, GIDC, HALOL                        ",43,319,VADODARA,110,,Ayaz,,,,1111111111,1
CADILA HEALTHCARE LTD,6,"Vadodara, Gujarat             ",42,319,VADODARA,110,391440,Harvinder,,,,1111111111,1
FCM TRAVELS SOLUTIONS (I) PVT LTD,6,"301-302, Aryaman Complex, Prakash Colony",43,319,VADODARA,110,,Ayaz,,,,1111111111,1
IDEX INDIA PVT LTD,6,"SURVEY NO. 256, GIDC MANJUSAR           ",41,319,VADODARA,110,,Arun,,,,1111111111,1
IFFCO-TOKIO GENERAL INSURANCE COMPANY LTD,6,"TNW BUISNESS CENTRE,                    ",41,319,VADODARA,110,,Arun,,,,1111111111,1
INDIAN OIL CORPORATION LTD,6,DY MANAGER HR IOCL PIPELINE             ,43,319,VADODARA,110,,Ayaz,,,,1111111111,1
LARSEN & TOUBRO LTD,6,101 GIDC NH/8 RANOLI VADODARA,43,319,VADODARA,110,,Ayaz,,,,1111111111,1
NETAFIM IRRIGATION INDIA PVT LTD,6,"268-270, 271-B, GIDC MANJUSAR,          ",40,319,VADODARA,110,,Sajid,,,,1111111111,1
RENISHAW METEOROLOGY SYSTEMS LIMITED,6,GRAFT COMPLEX,41,319,VADODARA,110,,Arun,,,,1111111111,1
THERMAX LIMITED,6,Email ID: kenar.gandhi@thermaxglobal.com,42,319,VADODARA,110,,Harvinder,,,,1111111111,1
TRANS AGRO INDIA PVT. LTD,6,"702, A-WING, ALKAPURI ARCADE, RC        ",43,319,VADODARA,110,,Ayaz,,,,1111111111,1
TUV INDIA PRIVATE LIMITED,6,2ND FLR PELICAN BLDG                    ,40,319,VADODARA,110,,Sajid,,,,1111111111,1
XYLEM WATER SOLUTIONS INDIA PVT LTD,6,"PLOT NO. 731, GIDC SAVLI ROAD           ",42,319,VADODARA,110,,Harvinder,,,,1111111111,1
THE SOUTH INDIAN BANK LTD,6,...                                     ,41,319,VADODARA,110,,Arun,,,,1111111111,1
VASU HEALTHCARE PVT LTD,6,"967/4 G.I.D.C. MAKARPURA,               ",40,319,VADODARA,110,,Sajid,,,,1111111111,1
LUPIN LIMITED,6,"PLOT 9/123/124/125 GIDC,                ",43,319,VADODARA,110,,Ayaz,,,,1111111111,1
TATA PROJECTS LTD,6,"KEVAL COPORATE PARK, BLOCK-2,           ",43,319,VADODARA,110,,Ayaz,,,,1111111111,1
AXALTA COATING SYSTEMS INDIA PVT LTD,6,"PLOT NO. KV 1/2, VILLAGE ALINDRA,       ",41,319,VADODARA,110,,Arun,,,,1111111111,1
TELEPERFORMANCE GLOBAL SERVICES PVT LTD,6,"2ND & 3RD FLOOR, KANKAVATI              ",42,319,VADODARA,110,,Harvinder,,,,1111111111,1
KAMPF MACHINERY INDIA PVT LTD,6,"508, ATLANTIS HEIGHTS, SARABHAI         ",41,319,VADODARA,110,,Arun,,,,1111111111,1
MRF LTD,6,"TAM HOUSE, SECOND FLOOR,                ",41,319,VADODARA,110,,Arun,,,,1111111111,1
TUV RHEINLAND ( INDIA) PVT LTD,6,"ISCON ATRIA-1, 205, SECOND FLOOR        ",42,319,VADODARA,110,,Harvinder,,,,1111111111,1
NUVOCO VISTAS CORPORATION LIMITED,6,baroda                                  ,42,319,VADODARA,110,,Harvinder,,,,1111111111,1
HETTICH INDIA PVT. LTD.,6,"PLOT NO. 304, DHANORA-NANDESARI         ",41,319,VADODARA,110,,Arun,,,,1111111111,1
ADANI ENTERPRISES LTD,6,"902, OZONE, NEAR CENTRE SQUARE          ",40,319,VADODARA,110,,Sajid,,,,1111111111,1
CROMPTON GREAVES CONSUMER ELECTRICALS LTD,6,KARUL TALUKA PADRA DIST.                ,43,319,VADODARA,110,,Ayaz,,,,1111111111,1
ELYSIUM PHARMACEUTICALS LIMITED,6,"HOUSE NO. A104, FORTUNE SHYLINE         ",42,319,VADODARA,110,,Harvinder,,,,1111111111,1
EMERSON PROCESS MANAGEMENT (INDIA) PVT LTD,6,"3rd Floor Synergy Square Building,      ",41,319,VADODARA,110,,Arun,,,,1111111111,1
R R KABEL LIMITED,6,"R. S. NO.201, 202/1, 202/2, 203 AND 327/",43,319,VADODARA,110,,Ayaz,,,,1111111111,1
RAM RATNA WIRES LIMITED,6,"305-A, RAM RATNA WIRES LIMITED          ",43,319,VADODARA,110,,Ayaz,,,,1111111111,1
REXEL INDIA PRIVATE LIMITED,6,"GF-2, F-101, 102, B33, MARIGOLD         ",42,319,VADODARA,110,,Harvinder,,,,1111111111,1
SHRENO LIMITED,6,SHRENO LIMITED (GLASS DIVISION)         ,40,319,VADODARA,110,,Sajid,,,,1111111111,1
SCHAEFFLER INDIA LIMITED,6,"PO MANEJA, MANEJA ROAD, MANEJA          ",43,319,VADODARA,110,,Ayaz,,,,1111111111,1
RAM RATNA ELECTRICALS LIMITED,6,"305-A, RAM RATNA WIRES LTD.,            ",43,319,VADODARA,110,,Ayaz,,,,1111111111,1
UNISON INSURANCE BROKING SERVICES PVT LTD,6,"601-602, 6TH FLOOR, AURUM, NR.          ",43,319,VADODARA,110,,Ayaz,,,,1111111111,1
CLARKE ENERGY INDIA PRIVATE LIMITED,6,"CAMATION COMMERCIAL COMPLEX,            ",41,319,VADODARA,110,,Arun,,,,1111111111,1
KRISHAK BHARATI COOPERATIVE LIMITED,6,"9-1, NR. TUBE COMPANY, SILVER           ",42,319,VADODARA,110,,Harvinder,,,,1111111111,1
COMED CHEMICALS LIMITED,6,"3RD FLOOR, ORIENT BUSINESS              ",41,319,VADODARA,110,,Arun,,,,1111111111,1
SUZLON ENERGY LTD,6,"BLOCK NO. 93, OPP. GAYATRI              ",41,319,VADODARA,110,,Arun,,,,1111111111,1
STATE BANK OF INDIA (RACPC),6,"2ND FLOOR, KALPTARU BUILDING,           ",41,319,VADODARA,110,,Arun,,,,1111111111,1
ANDHRA BANK,6,"C/1-2, SILVER COIN, AKOTA,              ",41,319,VADODARA,110,,Arun,,,,1111111111,1
QUICK HEAL TECHNOLOGIES LIMITED,6,"OFFICE-212, CENTRE POINT R.C.           ",43,319,VADODARA,110,,Ayaz,,,,1111111111,1
ELECTRICAL RESEARCH AND DEVELOPMENT ASSOCIATION,6,"ERDA ROAD, GIDC MAKARPURA,              ",42,319,VADODARA,110,,Harvinder,,,,1111111111,1
HIVOLTRANS ELECTRICALS PRIVATE LIMITED,6,"401/B, URMI CHAR RASTA, SILVER          ",43,319,VADODARA,110,,Ayaz,,,,1111111111,1
SODEXO FOOD SOLUTIONS INDIA PVT LTD,6,"1ST FLOOR, ABOVE CANARA BANK            ",43,319,VADODARA,110,,Ayaz,,,,1111111111,1
BOMBARDIER TRANSPORTATION INDIA PVT LTD,6,"ERDA ROAD, MANEJA, VADODARA             ",43,319,VADODARA,110,,Ayaz,,,,1111111111,1
FILATEX INDIA LIMITED,6,"PLOT NO. D-2/6A, GIDC INDUSTRIAL        ",43,319,VADODARA,110,,Ayaz,,,,1111111111,1
BHARAT PARENTERALS LIMITED,6,"SURVEY NO. 144 & 146, AT. HARI JAROD-SAM",43,319,VADODARA,110,,Ayaz,,,,1111111111,1
BODAL CHEMICALS LIMITED,6,"UNIT -VII, BLOCK 795 TO 803             ",43,319,VADODARA,110,,Ayaz,,,,1111111111,1
INOX INDIA PRIVATE LIMITED,6,"9TH FLOOR, KP PLATINA RACE              ",43,319,VADODARA,110,,Ayaz,,,,1111111111,1
MUNJAL AUTO INDUSTRIES LIMITED,6,VILLAGE-LIMDA TALUKA-WAGHODIA           ,43,319,VADODARA,110,,Ayaz,,,,1111111111,1
OIL AND NATURAL GAS CORPORATION LIMITED,6,"ADMIN & HOSPITALITY SECTOR,             ",43,319,VADODARA,110,,Ayaz,,,,1111111111,1
THE FEDERAL BANK LIMITED,6,"GOKULESH COMPLEX 2, ALKAPURI            ",40,319,VADODARA,110,,Sajid,,,,1111111111,1
SCIENTIFIC REMEDIES PVT LTD,6,"1, COSMIC ENCLAVE OPP. SBI NEAR         ",40,319,VADODARA,110,,Sajid,,,,1111111111,1
WEARRESIST TECHNOLOGIES PVT LTD,6,"861/4, GIDC ESTATE, MAKARPURA,          ",41,319,VADODARA,110,,Arun,,,,1111111111,1
ION EXCHANGE INDIA LIMITED,6,"303-304, ANAND COMPLEX,                 ",41,319,VADODARA,110,,Arun,,,,1111111111,1
BHARAT HEAVY ELECTRICALS LTD,6,"C16-17, BHET TOWNSHIP, GAYATRI          ",41,319,VADODARA,110,,Arun,,,,1111111111,1
STANDARD RADIATORS PRIVATE LIMITED,6,"1/12, INDUSTRIAL ESTATE GORWA           ",42,319,VADODARA,110,,Harvinder,,,,1111111111,1
SHRIRAM CITY UNION FINANCE LIMITED,6,"201, OLIVE COPLEX, O P ROAD,            ",40,319,VADODARA,110,,Sajid,,,,1111111111,1
RELIGARE HEALTH INSURANCE COMPANY LTD,6,"2ND FLOOR, ATLANTIS HEIGHTS,            ",40,319,VADODARA,110,,Sajid,,,,1111111111,1
PNB METLIFE INDIA INSURANCE COMPANY LTD,6,"GOLD CROFT 305, JETALPUR ROAD,          ",42,319,VADODARA,110,,Harvinder,,,,1111111111,1
INDO BIOCARE PVT LTD,6,"8-KRISHNA KRUPA,                        ",40,319,VADODARA,110,,Sajid,,,,1111111111,1
EDELWEISS TOKIO LIFE INSURANCE COMPANY LTD,6,"3RD FLOOR, SWING PLAZA,                 ",40,319,VADODARA,110,,Sajid,,,,1111111111,1
ASHIANA HOUSING LIMITED,6,"BALAJI KRUPA ESTATE, OLD JYOTI          ",43,319,VADODARA,110,,Ayaz,,,,1111111111,1
SURE SAFETY INDIA PRIVATE LIMITED,6,"PLOT NOL 42, A/B YOGINAGAR              ",41,319,VADODARA,110,,Arun,,,,1111111111,1
PUNIT PROTEINS PRIVATE LIMITED,6,"SANGAM ROAD, PADRA                      ",42,319,VADODARA,110,,Harvinder,,,,1111111111,1
EXCELLENT CONTACT PRIVATE LIMITED,6,"987/ 14, GIDC, MAKARPURA,               ",43,319,VADODARA,110,,Ayaz,,,,1111111111,1
KALPVRUX CONVERTING PRODUCTS PVT LTD,6,"C1/B, MAKARPURA GIDC,VADODARA           ",41,319,VADODARA,110,,Arun,,,,1111111111,1
MATRIX COMSEC PRIVATE LIMITED,6,"394-GIDC, MAKARPURA,                    ",42,319,VADODARA,110,,Harvinder,,,,1111111111,1
SPECTOMS ENGG PVT LTD,6,"114, GIDC MAKARPURA, VADODARA           ",43,319,VADODARA,110,,Ayaz,,,,1111111111,1
MADHAV AGRO FOODS PVT. LTD.,6,"PLOT NO 228, BARODA JAMBUSAR            ",42,319,VADODARA,110,,Harvinder,,,,1111111111,1
ELECTRO LUBE SOLUTIONS PRIVATE LIMITED,6,ELECTRO LUBE SOLUTIONS PRIVATE LIMITED  ,40,319,VADODARA,110,,Sajid,,,,1111111111,1
COSMOS IMPEX INDIA PRIVATE LIMITED,6,"COSMOS HOUSE, 85/2 ATLADRA,             ",40,319,VADODARA,110,,Sajid,,,,1111111111,1
HEM MARKETING SERVICES,6,"749/5, GIDC, MAKARPURA,                 ",42,319,VADODARA,110,,Harvinder,,,,1111111111,1
GERATEX MACHINERY PRIVATE LIMITED,6,"PLOT NO 119, KARJAN-VEMARDI,            ",43,319,VADODARA,110,,Ayaz,,,,1111111111,1
STAR PLASTIC INDUSTRIES (VADODARA),6,"92, GIDC ESTATE, MAKARPURA,             ",40,319,VADODARA,110,,Sajid,,,,1111111111,1
POLYCAB INDIA LIMITED,6,"67-72, NOORPURA, HALOL, GUJARAT         ",42,319,VADODARA,110,,Harvinder,,,,1111111111,1
BRENTWOOD INDUSTRIES INDIA PVT LTD,6,"205, MAYFAIR ATRIUM,                    ",41,319,VADODARA,110,,Arun,,,,1111111111,1
ADITYA BIRLA SUN LIFE ASSET MANAGEMENT COMPANY LTD,6,"ONE INDIA BULLS, CENTRE TOWER           ",41,319,VADODARA,110,,Arun,,,,1111111111,1
PARUL UNIVERSITY,6,"VILLAGE LIMBA, WAGHODIA,                ",43,319,VADODARA,110,,Ayaz,,,,1111111111,1
GUJARAT ENERGY TRAINING AND RESEARCH INSTITUTE,6,"BESIDE 132KV, GOTRI ROAD,               ",43,319,VADODARA,110,,Ayaz,,,,1111111111,1
FIVES COMBUSTION SYSTEMS PRIVATE LIMITED,6,"PLOT NO. 230, PADRA JAMBUSAR            ",42,319,VADODARA,110,,Harvinder,,,,1111111111,1
SIEMENS HEALTHCARE PRIVATE LIMITED,6,"HC APC IND LD BA 589,                   ",43,319,VADODARA,110,,Ayaz,,,,1111111111,1
VOLTAMP TRANSFORMERS LIMITED,6,"JAROD-SAVLI ROAD, VILLAGE-VADADLA,      ",43,319,VADODARA,110,,Ayaz,,,,1111111111,1
INEOS STYROLUTION INDIA LIMITED,6,VADODARA                                ,42,319,VADODARA,110,,Harvinder,,,,1111111111,1
MC NALLY SAYAJI ENGINEERING LIMITED,6,"PLOT NO. 75 TO 79 (ALINDRA)/B,          ",43,319,VADODARA,110,,Ayaz,,,,1111111111,1
RAYCHEM RPG PVT LTD,6,"SAFARI CROSSING, NR HALOL GIDC,         ",43,319,VADODARA,110,,Ayaz,,,,1111111111,1
PAKONA ENGINEERS I PVT LTD,6,917/3 GIDC MAKARPURA INDUSTRIAL         ,40,319,VADODARA,110,,Sajid,,,,1111111111,1
INTEGRA ENGINEERING INDIA LIMITED,6,"HALOL BYPASS ROAD,                      ",43,319,VADODARA,110,,Ayaz,,,,1111111111,1
SIEMENS GAMESA RENEWABLE POWER PVT LTD,6,RC-IN PS CS-DGC                         ,42,319,VADODARA,110,,Harvinder,,,,1111111111,1
FLEXICAN BELLOWS & HOSES PVT LTD,6,"283, GIDC ESTATE, MAKARPURA,            ",40,319,VADODARA,110,,Sajid,,,,1111111111,1
ICICI PRUDENTIAL ASSET MANAGEMENT COMPANY LTD,6,"1ST FLOOR, UNIT NO. 108-110,            ",43,319,VADODARA,110,,Ayaz,,,,1111111111,1
SUMANDEEP VIDHYAPEETH (DEEMED UNIVERSITY),6,"AT & PO PIPARIYA, TALUKA WAGHODIA,      ",42,319,VADODARA,110,,Harvinder,,,,1111111111,1
MET HEAT ENGINEERS PRIVATE LIMITED,6,"867/2, GIDC,  INDUSTRIAL ESTATE         ",40,319,VADODARA,110,,Sajid,,,,1111111111,1
ONGC PETRO ADDITIONS LTD - SEZ,6,35 NUTANBHARAT CO-OPERATIVE             ,42,319,VADODARA,110,,Harvinder,,,,1111111111,1
INOX AIR PRODUCTS PRIVATE LIMITED,6,PLOT-102/106P JUNI JITHARADI            ,43,319,VADODARA,110,,Ayaz,,,,1111111111,1
TATA AIG GENERAL INSURANCE CO LTD,6,"6TH FLOOR, LANDMARK BUILDING, RACE COURS",40,319,VADODARA,110,,Sajid,,,,1111111111,1
SEAL FOR LIFE INDIA PVT LTD,6,"PLOT NO. 17, GIDC MANJUSAR              ",41,319,VADODARA,110,,Arun,,,,1111111111,1
ASSOCIATED POWER STRUCTURES PVT LTD,6,"BLOCK NO.. 35, NEAR MODERN              ",41,319,VADODARA,110,,Arun,,,,1111111111,1
KOTAK MAHINDRA LIFE INSURANCE COMPANY LTD,6,"102-103, 1ST FLOOR PANORAMA             ",42,319,VADODARA,110,,Harvinder,,,,1111111111,1
CENTURION REMEDIES PVT LIMITED,6,"G-5, INDUSTRIAL ESTATE GORWA            ",41,319,VADODARA,110,,Arun,,,,1111111111,1
STUMPP SCHUELE AND SOMAPPA SPRINGS PVT LTD,6,"218, GIDC AREA, NAVARIYA VILLAGE        ",41,319,VADODARA,110,,Arun,,,,1111111111,1
TIKI TAR INDUSTRIES BARODA LIMITED,6,"8TH FLOOR, NEPTUNE TOWER,               ",40,319,VADODARA,110,,Sajid,,,,1111111111,1
ICA PIDILITE PRIVATE LIMITED,6,"JAMBUSAR, GUJARAT 392150                ",42,319,VADODARA,110,,Harvinder,,,,1111111111,1
SUD CHEMIE INDIA PVT. LTD.,6,"A 1/2,NANDESARI INDUSTRIAL              ",42,319,VADODARA,110,,Harvinder,,,,1111111111,1
MG MOTOR INDIA PRIVATE LIMITED,6,"GIDC INDUSTRAIL ESTATE,                 ",42,319,VADODARA,110,,Harvinder,,,,1111111111,1
PHILLIPS CARBON BLACK LTD,6,PHILLIPS CARBON BLACK LTD               ,41,319,VADODARA,110,,Arun,,,,1111111111,1
APAR INDUSTRIES LIMITED,6,"301, PANORAMA COMPLEX, SB-9,            ",42,319,VADODARA,110,,Harvinder,,,,1111111111,1
SAFARI INDUSTRIES INDIA LTD,6,"P-1, STOP AND SHOP PLAZA, RC DUTT RD    ",41,319,VADODARA,110,,Arun,,,,1111111111,1
KANAN INTERNATIONAL PRIVATE LIMITED,6,"D-WING, 2ND FLOOR, TRIDENT COMPLEX,     ",42,319,VADODARA,110,,Harvinder,,,,1111111111,1
BULLION FLEXIPACK PVT LTD,6,"JAROD, RASULABAD ROAD,                  ",43,319,VADODARA,110,,Ayaz,,,,1111111111,1
ADVANCED BUSINESS & HEALTHCARE SOLUTIONS INDIA PVT LTD,6,"4TH & 5TH FLOOR, OHM BUSINESS PARK24AACC",40,319,VADODARA,110,,Sajid,,,,1111111111,1
ADVANCED MEDTECH SOLUTIONS PVT LTD,6,P 21/22 BIO TECH PARK 1 GIDC            ,42,319,VADODARA,110,,Harvinder,,,,1111111111,1
GE T&D INDIA LIMITED,6,MILESTONE 87 VADODARA-HALOL             ,41,319,VADODARA,110,,Arun,,,,1111111111,1
POWER GRID SWITHGEARS PVT LTD,6,"PLOT NO. 54, BESIDE RIYA-REVTI          ",43,319,VADODARA,110,,Ayaz,,,,1111111111,1
ATHULYA BELLOWS AND ENGG PVT LTD,6,"283, GIDC, MAKARPURA                    ",40,319,VADODARA,110,,Sajid,,,,1111111111,1
BELL GRANITO CERAMICA LIMITED,6,"GAVASAD, GUJARAT 391421                 ",40,319,VADODARA,110,,Sajid,,,,1111111111,1
YOU BROADBAND INDIA LIMITED,6,"SURYAKIRAN COMPLEX,401 - PANCHAM        ",41,319,VADODARA,110,,Arun,,,,1111111111,1
GOEL SCIENTIFIC GLASS WORKS LIMITED,6,"C-31/A, AJWA RD, SARDAR ESTATE,         ",40,319,VADODARA,110,,Sajid,,,,1111111111,1
RAJSHA CHEMICALS PRIVATE LIMITED,6,"NO. 637, LAMDAPURA ROAD,                ",40,319,VADODARA,110,,Sajid,,,,1111111111,1
SECON PRIVATE LIMITED,6,"3RD FLOOR, SATYAM COMPLEX               ",41,319,VADODARA,110,,Arun,,,,1111111111,1
ASTRAL POLYTECHNIK LIMITED,6,"206, GJ SH 16, DHOLKA,                  ",43,319,VADODARA,110,,Ayaz,,,,1111111111,1
BRITISH PAINTS CENTRE,6,"M/S BANKER""S BROTHERS,                  ",42,319,VADODARA,110,,Harvinder,,,,1111111111,1
GALAXY SIVTEK PRIVATE LIMITED,6,"1406, WAGHODIA GIDC,                    ",40,319,VADODARA,110,,Sajid,,,,1111111111,1
JASH PACKAGING CO.,6,"AT & POST BILL, VADODARA                ",43,319,VADODARA,110,,Ayaz,,,,1111111111,1
PLASSER INDIA PRIVATE LIMITED,6,"606/51 SIGNET HUB, AKSHAR CHOWK         ",43,319,VADODARA,110,,Ayaz,,,,1111111111,1
AARTI INDUSTRIES LIMITED,6,"3RD FLOOR, BLOCK -1, KEVAL CORPORATE    ",40,319,VADODARA,110,,Sajid,,,,1111111111,1
RONAK EXIM PRIVATE LIMITED,6,"SANT KABIR ROAD, GENDI GATE             ",42,319,VADODARA,110,,Harvinder,,,,1111111111,1
RYKER BASE PRIVATE LIMITED,6,"AT- ASOJ, HALOL, VADODARA               ",42,319,VADODARA,110,,Harvinder,,,,1111111111,1
ITT CORPORATION INDIA PRIVATE LIMITED,6,"PLOT NO. 731, MANJUSAR GIDC,            ",41,319,VADODARA,110,,Arun,,,,1111111111,1
TRANSPEK INDUSTRY LIMITED,6,"6TH FLOOR, MARBLE ARCH, OPP.            ",42,319,VADODARA,110,,Harvinder,,,,1111111111,1
SUYOG ELECTRICALS LTD,6,"1, MADHUVAN APARTMENT,                  ",41,319,VADODARA,110,,Arun,,,,1111111111,1
AMI PLASTICS,6,"622, GIDC, Makarpura, Vadodara, Gujarat ",42,319,VADODARA,110,,Harvinder,,,,1111111111,1
SEE LINKAGES PRIVATE LIMITED,6,"612, GIDC Industrial Estate,, Makarpura ",40,319,VADODARA,110,,Sajid,,,,1111111111,1
QUANTA PROCESS SOLUTIONS PVT LTD,6,"Quanta House, Bhailal Amin Road, Gorwa  ",40,319,VADODARA,110,,Sajid,,,,1111111111,1
GMW PRIVATE LIMITED,6,"885 , GIDC INDUSTRIAL ESTATE, MAKARPURA,",40,319,VADODARA,110,,Sajid,,,,1111111111,1
ELEC STEEL PROCESSING INDUSTRIES,6,"103, Chandrakala Tower Lalbaug Road,    ",40,319,VADODARA,110,,Sajid,,,,1111111111,1
TML INDUSTRIES LIMITED,6,"6, RC Dutt Rd, Vadiwadi, Vadodara, Gujar",40,319,VADODARA,110,,Sajid,,,,1111111111,1
PRAKASH CHEMICALS AGENCIES PVT LTD,6,"39/40, KRISHNA ESTATE, GORWA BIDC       ",40,319,VADODARA,110,,Sajid,,,,1111111111,1
COLLABERA TECHNOLOGIES PVT LTD,6,GOTRI,40,319,VADODARA,110,,Sajid,,,,1111111111,1
TIGER LOGISTICS INDIA LIMITED,6,"407 Centre Point 4th Floor, R C DUTT ROA",40,319,VADODARA,110,,Sajid,,,,1111111111,1
TARAK CHEMICALS LIMITED,6,"MEZZANINE FLOOR, ABS TOWER,             ",42,319,VADODARA,110,,Harvinder,,,,1111111111,1
CAPARO ENGINEERING INDIA LIMITED,6,"1702-1703, GIDC, HALOL                  ",41,319,VADODARA,110,,Arun,,,,1111111111,1
PI TEXTILES PRIVATE LIMITED,6,"PLOT NO. 455, SAVLI GIDC MANJUSAR       ",40,319,VADODARA,110,,Sajid,,,,1111111111,1
ACROS PRIVATE LTD,6,"B-4, Vijay Industrial Estate, Padra Road",42,319,VADODARA,110,,Harvinder,,,,1111111111,1
APOTHECON PHARMACEUTICALS PVT LTD,6,Padra-jambusar highway po dabasa. 391440,42,319,VADODARA,110,,Harvinder,,,,1111111111,1
EXXARO TILES PRIVATE LIMITED,6,"Riddhi Shiddhi Elenza 110, Behind Domino",43,319,VADODARA,110,,ayaz,,,,1111111111,1
ITW INDIA PRIVATE LIMITED,6,"Chandranagar, Gujarat 3917",41,319,VADODARA,110,,Arun,,,,1111111111,1
V-WELD EQUIPMENTS,6,"3/6/2-bidc, Gorwa, Gorwa, Vadodara, Guja",42,319,VADODARA,110,,Harvinder,,,,1111111111,1
SENSEWELL INSTRUMENTS PVT LTD,6,"54/4, GIDC Industrial Estate, Makarpura ",41,319,VADODARA,110,,Arun,,,,1111111111,1
SAILLON INDIA,6,"C-19/87, KRISHNA INDUSTRIAL ESTATE,     ",42,319,VADODARA,110,,Harvinder,,,,1111111111,1
KADAM ENVIRONMENTAL CONSULTANTS,6,"871/B/3, GIDC, MAKARPURA,               ",40,319,VADODARA,110,,Sajid,,,,1111111111,1
ROYAL SUNDARAM GENERAL INSURANCE CO. LTD,6,"PELICAN III, RACE COURSE. VADODARA      ",41,319,VADODARA,110,,Arun,,,,1111111111,1
HDFC SECURITIES LIMITED,6,"D-11 KAMLANJALI, PADRA ROAD. VADODARA   ",42,319,VADODARA,110,,Harvinder,,,,1111111111,1
HERITAGE HEALTH INSURANCE TPA PVT LTD,6,"705,706 CENTRE POINT, RC DUTT ROAD. VADO",41,319,VADODARA,110,,Arun,,,,1111111111,1
NAITHANI OIL & GAS SERVICES PVT LTD,6,"205, SANKET AVENUE, OPP. AMBE           ",41,319,VADODARA,110,,Arun,,,,1111111111,1
MANPASAND BEVERAGES LIMITED,6,"1768 & 1774/1, MANJUSAR GIDC,           ",42,319,VADODARA,110,,Harvinder,,,,1111111111,1
GACL-NALCO ALKALIES & CHEMICALS PVT LTD,6,"401-403, YASHKAMAL BUILDING,            ",43,319,VADODARA,110,,Ayaz,,,,1111111111,1
NAVAERA SOFTWARE SERVICES PVT LTD,6,"609/610, OCEAN AURA,                    ",41,319,VADODARA,110,,Arun,,,,1111111111,1
POWER MECH PROJECTS LIMITED,6,"HOUSE NO. 2-A, AARMKUNJ DUPLEX,         ",42,319,VADODARA,110,,Harvinder,,,,1111111111,1
MADHYA GUJARAT VIJ COMPANY LIMITED,6,"MGVCL HI-TECH LABORATORY,               ",43,319,VADODARA,110,,Ayaz,,,,1111111111,1
TEIGNBRIDGE PROPELLERS INDIA PVT LTD,6,"11 & 12, NEXUS INDUSTRIAL PARK,         ",41,319,VADODARA,110,,Arun,,,,1111111111,1
JCB INDUSTRIES PRIVATE LIMITED,6,"GIDC HALOL, 2 PLOT NO. 699 TO 703,      ",42,319,VADODARA,110,,Harvinder,,,,1111111111,1
BARODA HI-TECH ALLOYS PVT LTD,6,"PLOT 26, 28 GIDC MANJUSAR               ",41,319,VADODARA,110,,Arun,,,,1111111111,1
TECHNO ELECTROMECH PVT. LTD.,6,"S.NO. 858, SURESH TIMER LANE            ",40,319,VADODARA,110,,Sajid,,,,1111111111,1
THE MAHARAJA SAYAJIRAO UNIVERSITY OF BARODA,6,THE MAHARAJA SAYAJIRAO UNIVERSITY OF BAR,42,319,VADODARA,110,,Harvinder,,,,1111111111,1
LARSEN & TOUBRO LTD - POWER VERTICAL,6,"NH-8, AJWA WAGHODIA, CROSSING,          ",43,319,VADODARA,110,,Ayaz,,,,1111111111,1
EXCELSOURCE INTERNATIONAL PVT LTD,6,"301-302, SAMPATTI COMPLEX,              ",42,319,VADODARA,110,,Harvinder,,,,1111111111,1
SHARMA ORTHOPEDIC (INDIA) PVT. LTD.,6,"PLOT NO.445, GIDC INDUSTRIAL AREA       ",41,319,VADODARA,110,,Arun,,,,1111111111,1
CHROMATOGRAPHY AND INSTRUCMENTS CO PVT LTD,6,"121, GIDC MAKARPUR BARODA,              ",40,319,VADODARA,110,,Sajid,,,,1111111111,1
CIVICA RESOURCE PRIVATE LIMITED,6,"101-A, B, C, 1ST FLOOR, NOTUS PRIDE     ",41,319,VADODARA,110,,Arun,,,,1111111111,1
ATNAHS PHARMA UK LTD,6,"ATNAHS - NR GLOBAL CIRCLE,              ",40,319,VADODARA,110,,Sajid,,,,1111111111,1
METMIN RESOURCE CONSULTANTS PVT LTD,6,"301/302, SAMPATI COMPLEX,               ",41,319,VADODARA,110,,Arun,,,,1111111111,1
SEJONG TESK VIKAS PVT LTD,6,"SURVEY NO. 150 PALKIN 4 & 112,          ",42,319,VADODARA,110,,Harvinder,,,,1111111111,1
GRINDWELL NORTON LTD,6,"SURVEY NO. 54/1/1, 55/2, 56 & 57,       ",41,319,VADODARA,110,,Arun,,,,1111111111,1
JINDAL RAIL INFRASTRUCTURE LIMITED,6,OPP.NEAR SAHARA HOTEL ARTS &            ,40,319,VADODARA,110,,Sajid,,,,1111111111,1
AVGOL NONWOVENS INDIA PVT LTD,6,"INDUSTRIAL PLOT NO. 731-732,            ",41,319,VADODARA,110,,Arun,,,,1111111111,1
STAR ENTERPRISE,6,"BLOCK NO 335, DABOI ROAD, SOMA          ",42,319,VADODARA,110,,Harvinder,,,,1111111111,1
